번호,업종대분류,업종중분류,업종소분류,기계설비명,기계설비영문명,기계설비설명
1,운수·창고및통신업,육상및수상운수업,자동차에의한여객운수업,2층 버스(CNG),Double-decker bus,일반적인 단층의 버스와는 달리 복층으로 이루어져 있는 버스로서/ 많은 사람을 실어 나를 때 사용하는 버스이다.
2,기타의사업,전문·보건·교육·여가관련서비스업,골프장및경마장운영업,3갱모아,3 gang mower,3갱 모아는 잔디를 일정한 길이로 예초하는 장비이다. 
3,기타의사업,전문·보건·교육·여가관련서비스업,골프장및경마장운영업,5갱모아,5 gang mower,5갱 모아는 잔디를 일정한 길이로 예초하는 장비이다.
4,금융및보험업,금융및보험업,금융업,ATM기,Automated teller machine,ATM기는 현금 인출 카드나 예금 통장을 사용하여 현금의 인출/ 예입/ 기장(記帳)/ 잔고 조회 따위를 자동적으로 할 수 있는 장치이다. 
5,제조업,기계기구·금속·비금속광물제품제조업,건설기계또는광산기계및설비품제조업,BURR제거용 로봇,Burr removal robot,프레스 가공 완료 후 표면 미세 Burr 제거를 위한 샌딩 작업용 로봇이다.
6,제조업,기계기구·금속·비금속광물제품제조업,선재제품제조업,Bolt 자동조립기,Bolt automatic assembling machine,bolt 자동조립기는 볼트 부품을 정렬시켜 공급하고/ 체계적인 컴퓨터제어 방식으로 볼트를 조립하는 장치이다. 부품을 공급하는 공급부/ 볼트를 정렬시켜 낱개씩 배출하는 바이브레이터가 포함된 정렬기/ 부품을 조립시키는 푸시와 공기분사노즐과 제어기로 이루어져 있다.
7,제조업,기계기구·금속·비금속광물제품제조업,건설기계또는광산기계및설비품제조업,CNC 가스절단기,CNC gas cutting machine,여러개의 토치가 장착되어 레일을 이동하면서 가스 불꽃으로 금속 및 비금속 재료를 자르는 기계이다.
8,제조업,기계기구·금속·비금속광물제품제조업,자동차제조업,CNC 선반,CNC lathe,CNC 선반은 수치제어 프로그램을 통해 외경 및 내경에 대한 윤각가공/ 드릴/ 탭/ 보링 등의 다양한 작업을 할 수 있는 수치제어 공작기계로서/ 다수의 공구를 사용할 수 있도록 자동공구교환장치를 갖고 있다.
9,제조업,화학및고무제품제조업,플라스틱가공제품제조업,CNC밀링머신,CNC milling machine,밀링커터를 회전시켜 상하 ·좌우 ·전후의 선형이송운동(線形移送運動)을 준 공작물을 절삭하는 공작기계이다.
10,제조업,기계기구·금속·비금속광물제품제조업,각종기계또는동부속품제조업,CO2 용접기,CO2 welder,CO2 용접기는 주로 스테인리스나 알루미늄 합금강 등의 용접에 사용되는 용접기로써/ 금속과 금속 사이에 아크방전을 이용하여 용접을 하면서 불활성 가스인 CO2가스로 아크를 덮듯이 하여 산화·질화를 방지함으로써 용착부에 아름다운 금속면을 얻도록 만든 용접기이다.
11,제조업,화학및고무제품제조업,합성수지제조업,CS프레스,CS press,CS프레스는 유압을 동력으로 이용하는 기계로써/ 동력에 의하여 금형과 금형 사이에 금속 또는 비금속 물질을 넣고 압축/ 절단 또는 조형하는 기계 중/ 컴퓨터 프로그래밍으로 제어되는 기계를 말한다. 
12,광업,석탄광업및채석업,무연탄광업,H빔 에어 벤딩머신,H-bim air bending machine,공압을 이용하여 H빔 철재의 가공대상물을 규격에 맞게 구부리는 기계이다.
13,운수·창고및통신업,육상및수상운수업,특수화물운수업,LPG 탱크로리,LPG tank-lorry,LPG를 운반하는 탱크로리이다.
14,제조업,화학및고무제품제조업,플라스틱가공제품제조업,PVC배합기,PVC mixing machine,프로펠러 및 회전기구를 탱크에 설치하고 이를 회전시켜/ 액체와 액체/ 액체와 고체/ 또는 분체 등을 휘저어 섞기 위한 기구로써/ PVC원료의 혼합에 쓰이는 기계이다.
15,제조업,출판·인쇄·제본또는인쇄물가공업,인쇄업,UV/IR 건조기,UV/IR dryer,UV/IR 건조기는 전기를 동력으로 이용하는 기계로써/ 금방 인쇄하여 아직 마르지 않은 인쇄물들의 잉크가 번지지 않도록 건조시키는 기계이다. 컨베이어 벨트로 이동시키면서 램프의 빛에너지를 이용하여 건조시킨다.
16,건설업,건설업,건축건설공사,U자형 철근밴딩기,(U-type rebar bender,U자형 철근 밴딩기는 전기를 동력원으로 하여 직선으로 뻗어 있는 철근을 U자형으로 구부려 가공하는 기계이다.
17,제조업,섬유및섬유제품제조업,직물업,가공기,Finishing machine,각종의 높은 부피분율의 장섬유/ 고신축성 가공사를 만드는 기계이다.
18,운수·창고및통신업,철도·항공·창고·운수관련서비스업,운수부대서비스업,가로등,Street light,매일 밤 특정한 시간대에 어두운 도로나 보도 같은 길에서 운전자나 보행자의 시야 확보를 통한 사고예방 및 범죄예방을 위해 길 가장자리에 높게 설치하는 등이다.
19,제조업,선박건조및수리업,강선건조또는수리업,가스 자동 절단기,Automatic gas cutting machine,가스 자동 절단기는 산소와 아세틸렌가스를 혼합하여 연소시킬 때 발생하는 3000℃이상의 열을 이용하는 기계로써/ 이 열을 이용하여 금속 및 비금속 재료를 녹여 사전에 입력된 형태로 자르는 기계를 말한다.
20,기타의사업,도소매·음식·숙박업,음식및숙박업,가스렌지,Gas range,가스렌지란 취사용 연소기로 많이 사용하고 있는 대표적인 연소기로서 크게 주물렌지/ 일반 가스렌지/ 그릴부착렌지/ 오븐렌지 등으로 분류한다. 버너(火口)의 수에 따라 1구렌지/ 2구렌지/ 4구렌지로/ 설치형태에 따라 탁상형 및 캐비넷형으로 구분한다.
21,제조업,기계기구·금속·비금속광물제품제조업,기타금속제품제조업또는금속가공업,가스절단기,Gas cutter,가스 불꽃으로 금속 및 비금속 재료를 자르는 기계이다.
22,기타의사업,부동산업및임대업,임대업,가스지게차,Gas fork lift,가스지게차는 화물을 실어 옮기는 데 쓰는 특수차량으로서 화물 운반 작업에서 빠질 수 없는 필수장비이다. 일반 지게차와는 달리 충전형 가스에 의해서 작동을 한다.
23,기타의사업,전문·보건·교육·여가관련서비스업,교육서비스업,가스취사기,Gas cooking device,가스를 원료로 사용해서 소규모로 밥을 짓는 기계이다.
24,기타의사업,기타의각종사업,각급사무소,가스토치램프,Gas torch lamp,고온으로 가열할 때 사용하는 장치로 연료인 가스를 압축공기로 내뿜고 공기를 혼합해서 연소시켜 내뿜는 불꽃으로 가열하는 소형 휴대용 버너이다.
25,제조업,기계기구·금속·비금속광물제품제조업,제강압연업,가열로,Heating furnace,금속을 가열하는 데에 쓰는 가마. 금속의 압연이나 단련 따위의 가공을 하기 위하여 일정 기간 적당한 온도로 가열하는 기계이다.
26,운수·창고및통신업,철도·항공·창고·운수관련서비스업,육상화물취급업,가축 수송차량,Cattle delivery truck,가축을 도축장 등의 유통업체에 운반하기 위해 제작된 차량이다.
27,건설업,건설업,건축건설공사,강관비계,Steel pipe for scaffolding,건축공사 때에 높은 곳에서 일할 수 있도록 설치하는 임시가설물로/ 재료운반이나 작업원의 통로 및 작업을 위한 발판이 되는 가설물이다.
28,제조업,기계기구·금속·비금속광물제품제조업,자동차부분품제조업,강철 벨트 컨베이어,Steel belt conveyor,전기모터를 동력원으로 하면서/ 중량의 화물을 운반하기 위해 벨트가 금속으로 구성되어 있는 물류 운반용 기계기구이다.
29,제조업,섬유및섬유제품제조업,기타섬유제품제조업,개면기,Opener,개면기는 전기를 동력으로 하는 기계로써/ 면화의 섬유를 펴서 짧은 섬유와 티끌을 떨어내는 기계이다. 수작업에 비해 정밀도는 떨어지나 신속하게 대량을 처리할 수 있어 대량 생산에 적합하다.
30,제조업,섬유및섬유제품제조업,직물업,개포기,Stack machine,담요나 섬유를 일정한 폭으로 포개는 기계이다.
31,제조업,기계기구·금속·비금속광물제품제조업,철강또는비철금속주물제조업,갠트리크레인,Gantry crane,갠트리크레인은 전기모터를 이용하는 기계로써/ 와이어로프/ 체인 또는 슬링벨트를 이용하여 중량물을 이송하는 설비이다. 인력으로 취급이 불가능한 대상물을 신속하게 이송할 수 있다는 장점이 있으며 모든 산업에서 사용되고 있다.
32,제조업,목재및종이제품제조업,일반제재업,갱립기,Gang rip machine,제재된 원목을 원하는 치수로 절단하는 기계이다.
33,제조업,기계기구·금속·비금속광물제품제조업,석재및석공품제조업,갱쇼,Gang saw,철판 톱날을 이용 하여 수십 장의 판재를 동시에 활석하는 기계로써/ 수치제어 기능이 있어 자동조작이 가능하다.
34,건설업,건설업,기계장치공사,거푸집,Mold,콘크리트의 형태를 유지시켜주면서/ 외기로부터 굳지 않은 콘크리트를 보호하는 역할을 하는 폼이다.
35,건설업,건설업,기계장치공사,거푸집 동바리,Mold supporting post,거푸집 동바리는 굳지 않은 콘크리트 구조물 또는 그 일부분을 콘크리트가 경화하기  까지의 기간 동안 지지하기 위한 구조물을 말하며/ 일명 거푸집지보공이라고 한다.
36,건설업,건설업,건축건설공사,건설용 리프트,Construction lift,동력을 사용하여 가이드 레일을 따라 상하로 움직이는 운반구에 사람·화물을 운반할 수 있는 설비이다.
37,건설업,건설업,기계장치공사,건설중장비 운반차량,Construction heavy equipment),건설 중장비를 운반하는 차량이다.
38,제조업,목재및종이제품제조업,일반제재업,건조기,Dryer,원목 제재기 및 갱립기 작업 후 목재를 건조하는 설비이다. 
39,제조업,식료품제조업,수산식료품제조업,건포류 파쇄기,Dried fish and shells crusher,두 개의 회전하는 기어가 맞물리면서 건포류를 미세하게 파쇄하는 기계이다.
40,제조업,식료품제조업,수산식료품제조업,건해조류 절단기,Dried seaweed cutting machine,건해조류를 일정한 크기로 절단하는 유압기계이다.
41,제조업,섬유및섬유제품제조업,직물업,검단기,Cloth inspection machine,제품 원단의 길이/ 폭/ 견실성 및 표면상 결함유무 등 확인하는 기계이다.
42,운수·창고및통신업,육상및수상운수업,구역화물운수업,견인차,Wrecker,움직일 수 없는 자동차를 다른 곳(차고나 자동차 수리점 등)으로 옮기는 데 쓰이는 차이다.
43,농업,농업,양잠업,결속기,Binding machine,끈과 같은 결속재를 사용하여 자동적으로 결속시켜 끈의 결절부에 매듭짓는 기계이다.
44,제조업,기계기구·금속·비금속광물제품제조업,석재및석공품제조업,경계석 연마기,Boundary stone grinder,경계석 연마기는 석재의 경계 등 공작물의 좁은 폭을 절삭후의 연마작업에 사용하는 자동화 기계이다.
45,농업,농업,양잠업,경운기,Cultivator,엔진의 힘을 이용하여 기계적으로 논밭을 갈고 김을 매거나 물건을 운반하는 농업 기계이다.
46,기타의사업,부동산업및임대업,임대업,계단식 사다리,Step-ladder,계단식 사다리란 계단식 사다리의 한 종류로써/ 전체적인 형상이 A자 형태로 되어 있고 힌지에 의하여 사다리 기둥의 각도를 일정한 범위에서 조절하면서 사용하는 사다리를 말한다.
47,운수·창고및통신업,육상및수상운수업,구역화물운수업,계단운반대차,Stairway platform carrier,화물 등을 계단으로 운반할 수 있는 운반기계이다.
48,운수·창고및통신업,철도·항공·창고·운수관련서비스업,육상화물취급업,계단형 리프트,Stairway-type lift,계단의 경사면을 따라 화물을 운반하는 리프트이다.
49,제조업,식료품제조업,도정및제분업,계량기,Weighing machine,곡물을 호퍼에 투입 후 스크류가 회전하면서 일정량을 배출해서 계량하여 포장하는 기계이다.
50,기타의사업,도소매·음식·숙박업,도소매및소비자용품수리업,계산대,Counter,물품을 사고 물품대에 올려 계산하는 기계이다.
51,제조업,수제품및기타제품제조업,기타각종제조업,계평기,Micro-computer measuring machine,불규칙한 2차원 형상의 면적을 마이크로 컴퓨터를 이용하여 피혁제품 등의 면적을 정밀하게 측정하는 기계이다.
52,제조업,화학및고무제품제조업,고무제품제조업,고무사출성형기,Rubber injection molding machine,유압을 동력으로 이용하는 기계로써/ 열과 압력을 가하여 적당한 유동상태로 만든 고무원료를 높은 압력으로 폐쇄된 금형에 고속으로 유입시킨 후/ 충분하게 고화시켜서 원하는 성형품을 만드는 기계이다.
53,제조업,화학및고무제품제조업,고무제품제조업,고무성형타공기,Rubber molding punching machine,유압을 동력으로 이용하는 기계로써/ 유압실린더에 설치된 금형사이에 고무원료를 투입 후 기기를 작동시켜 원하는 모양대로 고무 따내기 가공을 하는 기계.
54,제조업,화학및고무제품제조업,고무제품제조업,고무전단기,Rubber shearing machine,유압을 동력으로 이용하는 기계로써/ 작업대 위에 고무원료를 올린 뒤 유압실린더로 작동되는 칼날을 이용하여 원하는 크기로 절단해 주는 기계이다.
55,기타의사업,시설관리및사업지원서비스업,위생및유사서비스업,고소 작업차,High place work car,고소작업차란 특수 목적용 차량으로서 작업자가 높은 곳에서 작업을 용이하도록 할 때 사용되는 기계이다. 건물 내/외부 비계설치공사/ 전기 및 통신설비 가설 및 유지보수 공사/ 공장 천장내부 공사/ 교량 점검 및 보수공사 등에 사용된다.
56,제조업,선박건조및수리업,강선건조또는수리업,고소차,High place work car,고소차는 차량의 엔진에 연결된 유압장치를 이용하는 기계로써/ 작업자 탑승스테이지와 연결된 암(arm)을 움직여 건조중인 거대한 선체 측면을 연마하거나 도장할 수 있도록 작업자를 높은 위치의 작업 장소까지 이동시켜주는 특수차량이다.
57,제조업,기계기구·금속·비금속광물제품제조업,각종금속의용접또는용단을행하는사업,고속각도절단기,High-speed angle cutter,전기모터를 이용하여 원형톱날을 고속으로 회전시켜 금속을 절단하는 기계로써/ 쇠파이프나 철근 등을 원하는 길이/ 절단면의 각도를 조절할 수 있다.
58,제조업,기계기구·금속·비금속광물제품제조업,각종기계또는동부속품제조업,고속절단기,High-speed cutter,전기모터를 이용하여 원형톱날을 고속으로 회전시켜 금속을 절단하는 기계로써/ 쇠파이프나 철근 등을 원하는 길이로 절단하는 데 쓰인다.
59,운수·창고및통신업,철도·항공·창고·운수관련서비스업,운수부대서비스업,고압가스소화기,High pressure gas fire extinguisher,높은 압력을 가하여 압축시킨 가스를 충전한 화재용 소화기이다.
60,기타의사업,전문·보건·교육·여가관련서비스업,교육서비스업,고압가스저장소,High pressure gas storage,LPG 연료공급을 위한 가스저장시설이다.
61,제조업,기계기구·금속·비금속광물제품제조업,철근콘크리트제품제조업,고압분사기,High-pressure injector,전기 모터를 이용하여 물을 고압으로 분사 할 수 있도록 하는 기계이다.
62,농업,농업,축산업,고압세척기,High pressure washer,전기모터를 이용하여 고압의 물을 분사하여 바닥 등을 세척하는 데 사용하는 기계이다.
63,농업,농업,축산업,고액분리기,Liquid-solid separator,축산폐수를 압축하여 폐수속의 고형물질을 분리하는 기계이다.
64,제조업,목재및종이제품제조업,기타목재및목제품제조업,고정식 둥근톱,Fixed circular saw,고정식 둥근톱은 전기를 동력으로 하는 기계로써/ 지름이 300∼400mm의 둥근톱에 전동기를 연결하고/ 고속으로 회전시켜서 목재를 직선으로 자르기 위한 장비이다. 테이블의 목재가이드를 조정하여 작업자가 원하는 너비의 목재를 연속적으로 자를 수 있다.
65,기타의사업,시설관리및사업지원서비스업,건물등의종합관리사업,고정식 사다리,Fixed ladder,고정식 사다리란 철/ 콘크리트 구조물 등에 설치하여 주로 상하부간 이동통로로 사용하는 사다리로써/ 관리가 잘되지 않으면 작업자가 떨어지는 사고를 초래할 위험이 크다.
66,제조업,식료품제조업,도정및제분업,곡물 건조기,Grain dryer,저온 대풍량의 송기 팬(FAN)을 통기 덕트로 보내 곡물을 건조하는 시설이다.
67,제조업,식료품제조업,도정및제분업,곡물 배출기,Grain ventilator,호퍼에서 집합된 곡물을 승강기를 이용해 운반 후 배출노즐을 통해 포장기에 담는 기계이다.
68,제조업,식료품제조업,야채및과실의통조림과기타절임식료품제조업,곡물 볶음기,Grain roaster,곡물 볶음기는 땅콩/ 해바라기씨/ 아몬드/ 커피/ 콩 등의 곡물과 재료를 볶아가면서 구워주는 기계이다.
69,운수·창고및통신업,육상및수상운수업,특수화물운수업,곡물 트레일러,Grain trailer,곡물 분립체를 자루에 담지 않고 실물상태로 운반하는 트레일러이다.
70,제조업,식료품제조업,도정및제분업,곡물 혼합기,Grain mixer,곡물을 수평원통형 혼합 장치와 연결된 스크류 컨베이어가 내장된 이동식 배출노즐을 통해 포장기에 담는 기계이다.
71,건설업,건설업,건축건설공사,곤돌라,Gondola,달기발판 또는 작업대/ 승강장치 기타의 장치 및 이들에 부속된 기계부품에 의하여 구성되고/ 전용의 승강장치에 달린 와이어로프 또는 달기강선에 메달린 달기발판 또는 작업대를 부착하여 화물이나 작업자를 상하로 운반하는 설비이다.
72,제조업,목재및종이제품제조업,골판지및종이용기제조업,골게타,Corrugator,골게타란 물결 모양(골)의 골심지와 지면(紙面)이 반듯하고 빳빳한 라이너(Liner) 판지를 접착시킨 골판지 원단을 만드는 기계이다.
73,제조업,식료품제조업,육제품또는유제품제조업,골절기,Bandsaw,골절기는 전기모터를 이용하는 기계로써/ 장착된 칼날로 뼈가 있는 육류를 절단하는 기계이다. 인력으로는 과도한 힘이 소요되는 냉동육이나 뼈를 신속하게 절단할 수 있다.
74,기타의사업,전문·보건·교육·여가관련서비스업,오락·문화및운동관련사업,골프채,Golf club,골프공을 치기위한 스틸 또는 그라파이트 재질로 만들어진 긴 막대모양의 채이다.
75,제조업,기계기구·금속·비금속광물제품제조업,금속가공기계제조업,공구연삭기,Tool grinder,공구연삭기란 연삭숫돌을 이용하여 닳아버린 절삭공구의 날을 날카롭게 다시 깎는 공작 기계로써/ 수동으로 제어하여 끝부분을 원하는 만큼 연마할 수 있다.
76,운수·창고및통신업,육상및수상운수업,택시및경차량운수업,공기압축기,Air compressor,외부로부터 동력을 받아 공기를 압축하는 기계를 말하며/ 스크류식 압축기/ 베인식   압축기/ 왕복동식 압축기 등이 있다.
77,제조업,기계기구·금속·비금속광물제품제조업,각종금속의용접또는용단을행하는사업,공기압축기(스크류 방식),Screw-type air compressor,외부로부터 동력을 받아 공기를 압축하는 기계를 말하며/ 스크류식 압축기/ 베인식 압축기/ 왕복동식 압축기 등이 있다.
78,농업,농업,축산업,공기정화기,Air cleaner,공기 속의 먼지나 세균 따위를 걸러 내어 공기를 깨끗하게 하는 기계장치이다.
79,기타의사업,시설관리및사업지원서비스업,건물등의종합관리사업,공기조화기,Air conditioner,공기조화기란 실내공기를 쾌적한 상태로 유지하게 하는 기계로써/ 보통 냉방장치라고 부른다. 프레온 가스 등을 이용하여 액체가 증발할 때 주위에서 열을 흡수하는 원리를 이용하여 시원하게 기온을 유지한다.
80,건설업,건설업,건축건설공사,공압천공기,Pneumatic perforator,바위나 지면에 구멍을 뚫는 기계로서 공기압축이나 유압에 의해 작동되는 기계이다.
81,제조업,기계기구·금속·비금속광물제품제조업,기타금속제품제조업또는금속가공업,공압프레스,Pneumatic press,공압 프레스는 공압에 의하여 작동하는 실린더를 이용하는 기계로써/ 금형사이에 철판을 투입 후 실린더로 압력을 가하여 철판을 소성 변형시켜 원하는 모양으로 대량생산한다.
82,제조업,식료품제조업,기타식료품제조업,과립포장기,Granule packing machine,분말(부형제-유당 및 전분)에 액상(원료)를 혼합하여 일정한 크기의 입자를 만드는 기계이다.
83,농업,농업,양잠업,과일선별기,Fruit grader,과일의 기하학적 특성/ 기계적 특성/ 광학적 특성/ 전기적 특성 등을 이용하여 미리 정한 등급별로 분류하는 장치로 무게/ 크기(지름/ 높이/ 단면적)/ 모양/ 빛깔/ 내부품질 등에 의해 선과하는 기계이다.
84,제조업,식료품제조업,빵및과자류제조업,과자류 건조기,Confectionery dryer,만들어진 과자를 건조하는 기계이다.
85,제조업,식료품제조업,빵및과자류제조업,과자류 성형기,Confectionery molding machine,반죽된 전분 등을 투입하여 자동으로 빵·과자 성형하는 기계이다.
86,제조업,기계기구·금속·비금속광물제품제조업,건설용금속제품제조업,관단기,Big-size pipe cutter,절삭날을 관의 내부나 외부에 장치하여 파이프를 일정한 길이로 절단 가공하는데 사용되는 기계이다. 기계의 아래쪽에는 롤러를 부착하여 절삭날은 고정되어 있고 파이프를 회전하여 절단한다.
87,농업,농업,양잠업,관리기,Farm master,소형 다목적 농기계로 과수원의 중경 제초 작업과 퇴구비 설치를 위한 골타기 및 골파기작업에 이용하는 기계이다. 
88,광업,석탄광업및채석업,무연탄광업,광차,Mine tub,광산/ 탄광에서 주로 광석/ 석탄/ 폐석 등을 운반하는 데 사용하는 차체와 윤축으로 된 차량이다.
89,운수·창고및통신업,육상및수상운수업,택시및경차량운수업,교류아크용접기,AC arc welder,교류를 사용하여 금속 전극(피복 용접용)과 모재와의 사이에서 아크를 내어 모재의 일부를 녹임과 동시에 전극봉 자체도 선단부터 녹아 떨어져 모재와 융합하여 용접하는 기계장치이다.
90,제조업,화학및고무제품제조업,플라스틱가공제품제조업,교반기,Agitator,교반기는 전기모터에 의하여 구동되는 프로펠러 및 회전기구를 탱크에 설치하고/ 이를 회전시켜 액체와 액체/ 액체와 고체/ 또는 분체 등을 휘저어 섞기 위한 기구로써/ 재료의 혼합에 쓰이는 기계이다.
91,제조업,식료품제조업,야채및과실의통조림과기타절임식료품제조업,구근류 세척기,Bulbs and tubers washer,고구마나 감자/ 무 등을 씻는 기계이다.
92,기타의사업,전문·보건·교육·여가관련서비스업,보건및사회복지사업,구급차,Ambulance,부상자ㆍ환자 등을 병원으로 긴급 수송하는 자동차이다.
93,기타의사업,전문·보건·교육·여가관련서비스업,교육서비스업,국솥,Sufuria,국을 끓이는 데 쓰이는 기계이다.
94,건설업,건설업,건설기계관리사업,굴삭기,Excavator,굴삭기는 토목/ 건축/ 건설 현장에서 땅을 파는 굴삭작업/ 토사를 운반하는 적재작업/    건물을 해체하는 파쇄작업/ 지면을 정리하는 정지작업 등의 작업을 행하는 건설기계이다.
95,제조업,기계기구·금속·비금속광물제품제조업,선재제품제조업,권취기,Center winder,권취기는 전기모터를 이용하는 기계로써/ 전선/ 호스/ 파이프/ 와이어/ 알루미늄 판 등이 기계에서 압착/ 늘림/ 피복 등의 가공을 거쳐 나올 때 균일하고 일정하게 드럼에 감는 기계이다. 종류로는 자동권취기/ 반자동권취기/ 와이어권취기/ 케이블권취기 등이 있다.
96,기타의사업,전문·보건·교육·여가관련서비스업,골프장및경마장운영업,그린롤러,Green roller,그린롤러는 그린모아로 잔디를 깎은 후 그린을 딱딱하게 다져 주는 기계이다.
97,기타의사업,전문·보건·교육·여가관련서비스업,골프장및경마장운영업,그린모아,Green mower,그린모아는 그린잔디를 플레이어가 원활하게 퍼팅할 수 있도록 연간 적정한 높이로 예초하는 장비이다. 
98,기타의사업,전문·보건·교육·여가관련서비스업,정보처리및기타컴퓨터운용관련사업,글루건,Glue gun,실리콘을 녹였다 굳혔다 하는 방식으로 두 물체 사이의 접착력을 높여주는 수공구이다.
99,제조업,출판·인쇄·제본또는인쇄물가공업,인쇄업,금박인쇄기,Gold foil printing machine,금박인쇄기는 전기를 동력으로 이용하는 기계로써/ 책이나 다이어리/ 달력 등의 겉표지를 성형한 후 겉표지에 금박으로 문자나 모양을 입히는 기계이다.
100,제조업,출판·인쇄·제본또는인쇄물가공업,인쇄업,금박프레스기,Gold foil press,금박프레스는 전기를 동력으로 이용하는 기계로써/ 기계적인 힘으로 금지를 프레스로 눌러 명함 등 각종 인쇄물에 금박을 찍어낼 때 사용하는 기계이다. 
101,제조업,기계기구·금속·비금속광물제품제조업,자동차부분품제조업,금속 가공용 보링머신,Metal machining boring machine,기계가공에 있어서 이미 뚫려 있는 구멍을/ 둥글게 깎아 넓히는 작업을 주목적으로 하는 공작기계이다.
102,제조업,식료품제조업,수산식료품제조업,금속검출기,Metal detector,식품 내에 금속의 유무를 판별하는 기계이다.
103,제조업,기계기구·금속·비금속광물제품제조업,자동차제조업,금속절단기,Metal cutting machine,전기모터를 이용하여 원형톱날을 고속으로 회전시켜 금속을 절단하는 기계로 쇠파이프나 철근 등을 원하는 길이로 절단하는 데 쓰인다.
104,제조업,기계기구·금속·비금속광물제품제조업,자동차부분품제조업,금형 프레스,Metal mold press,유압에 의하여 작동하는 실린더를 이용하는 기계로써/ 금형사이에 철판을 투입 후 실린더로 압력을 가하여 찍어서 만드는 기기를 말하며/ 철판을 소성 변형시켜 원하는 모양으로 대량생산하는 기계이다.
105,기타의사업,전문·보건·교육·여가관련서비스업,골프장및경마장운영업,급수펌프,Feed water pump,급수펌프는 현장에서 필요한 물을 저수조에서 전기모터로 펌핑하여 공급하는 장치이다.
106,제조업,기계기구·금속·비금속광물제품제조업,기타금속제품제조업또는금속가공업,기계식 전단기,Mechanical shear,기계식전단기는 동력에 의하여 상부의 칼날과 하부의 금형이 상호 맞물리면서 전단력 에 의해 칩 발생 없이 철판을 전단하는 기계를 말한다.
107,제조업,기계기구·금속·비금속광물제품제조업,각종금속의용접또는용단을행하는사업,기계식 절곡기,Machinery folding machine,기계식 절곡기는 평판 램 또는 슬라이드와 평판 베드로 구성되어 동력으로 철판 등을 절곡/ 성형/ 금긋기 등의 금속가공 작업을 하는 동력기계이다.
108,제조업,수제품및기타제품제조업,기타각종제조업,기어호빙기,Gear hobbing machine,호브를 돌리며 치수(齒數)에 대응하는 회전이송을 기어소재에 주어 웜과 웜기어가 맞물고 돌아가는 것과 같이 기어의 이를 절삭하는 기계이다.
109,제조업,식료품제조업,기타식료품제조업,김밥절단기,Gimbap cutting machine,김밥을 일정한 크기로 슬라이스 해주는 기계이다.
110,제조업,식료품제조업,야채및과실의통조림과기타절임식료품제조업,깍두기 절단기,Kkakdugi cutter,무를 작고 네모나게 일정한 크기로 슬라이스 해주는 기계이다.
111,제조업,섬유및섬유제품제조업,의복및장신품등의제조업,끈 제직기,Draw string Knitting machine,원사로 끈을 짜는 기계이다.
112,제조업,기계기구·금속·비금속광물제품제조업,제강압연업,냉간다이캐스팅기,Cold diecasting machine,구리/ 알루미늄/ 주석/ 납 따위를 녹여서 재결정 온도보다 낮은 온도에서 강철로 만든 거푸집에 눌러 넣는 정밀 주조(鑄造)하는 기계이다.
113,제조업,기계기구·금속·비금속광물제품제조업,제강압연업,냉간단조프레스,Cold forging press,금속의 재결정 온도보다 낮은 온도에서 금속을 두들기거나 눌러서 필요한 형태로 만드는데 쓰는 프레스이다. 
114,제조업,식료품제조업,수산식료품제조업,냉동컨테이너,Reefer container,내부에 냉동기를 장치하여 냉동식품의 운송에 사용되는 컨테이너이다.
115,운수·창고및통신업,통신업,통신업,냉장ㆍ냉동고,Refrigerator,냉장/ 냉동 보관용 택배품을 최종 배송지까지 배달하기 전 임시 저장하는 시설이다.
116,제조업,식료품제조업,기타식료품제조업,냉장냉동 탑차,Refrigeration van truck,차량적재함에 냉장/ 냉동 기능이 내장된 식료품 운반차량이다.
117,농업,농업,양잠업,농약살포기,Pesticide applicator,엔진을 부착하여 병충해 방제를 위하여 농약을 살포하는 기계이다.
118,제조업,화학및고무제품제조업,고무제품제조업,니더기,Kneader,전기모터를 이용하는 기계로써/ 전동모터를 이용하여 회전칼을 회전시켜 혼합실 내의 고무원료와 기타 화학약품을 혼합하는 기계이다.
119,제조업,섬유및섬유제품제조업,의복및장신품등의제조업,다리미,Iron,열과 압력을 이용해 세탁된 옷의 주름을 펴주는 도구이다.
120,기타의사업,전문·보건·교육·여가관련서비스업,보건및사회복지사업,다목적운동기,Multi-use exerciser,물리치료환자의 재활을 돕기 위해 여러 가지 운동기기가 다목적으로 결합된 운동기구이다.
121,제조업,기계기구·금속·비금속광물제품제조업,철강또는비철금속주물제조업,다이캐스팅기,Die casting machine,다이캐스팅기는 유압을 동력으로 이용하는 기계로써/ 알루미늄/ 마그네슘 합금/ 동합금 등을 녹인 액체를 금형에 넣어서 일정모양의 금속 제품을 주조하는 공정에 사용되는 기계이다.
122,기타의사업,전문·보건·교육·여가관련서비스업,교육서비스업,다짐기,Compactor equipment,채소/ 야채를 적당한 크기로 다져주는 기계이다.
123,제조업,목재및종이제품제조업,기타목재및목제품제조업,다축 몰다기,Multiple moulder,다축 몰다기는 전기를 동력으로 하는 기계로써/ 기기의 회전축에 원하는 모양의 칼날을 설치하고 고속으로 회전시킨 후 목재를 이송시켜 원하는 모양대로 깎는 기기이다. 윗면과 측면을 동시에 깎아낼 수 있다.
124,제조업,기계기구·금속·비금속광물제품제조업,일반산업용기계장치제조업,다축드릴링머신,Multi-spindle drilling machine,여러 개의 구멍을 동시에 가공하기 위하여 드릴을 장착하는 주축을 여러 개 가진 밀링 머신을 말하며/ 주축의 위치를 조절할 수 있는 구조로 된 것도 있다.
125,제조업,전기기계기구·정밀기구·전자제품제조업,통신기계기구또는이에관련한기계기구제조업,단자 삽입기,Terminal inserting Machine,하우징에 단자를 삽입하는 기계이다.
126,제조업,전기기계기구·정밀기구·전자제품제조업,통신기계기구또는이에관련한기계기구제조업,단자 압착기,Terminal presser,단자와 전선을 결합시키는 기계이다.
127,광업,석탄광업및채석업,무연탄광업,단조로,Forge fire,단조로는 고체인 금속재료를 해머 등으로 두들기거나 가압하여 소정의 모양으로 만들기 쉽게 하기위해서 고열을 가해 고체재료의 조직을 균일하게 하는 로이다.
128,건설업,건설업,건축건설공사,달비계,Hanging scaffolding,고소작업을 할 때 작업발판을 와이어로프/ 달기체인/ 철선 등의 재료로 상부지점을 매다는 형식의 비계이다.
129,광업,석탄광업및채석업,무연탄광업,대차,Railcar bogie,차체중량을 지지하고 철도차량의 주행안내를 쉽게 하는 장치로/ 하나의 대차에는 보통 차축이 2개(따라서 바퀴는 4개)가 있고/ 대차는 차체(車體)와 레일 사이에 있으며/ 바퀴에 의해 레일 위를 주행하는 장치이다.
130,건설업,건설업,기계장치공사,대형덤프트럭,Large sized dump truck,적재함을 동력으로 60~70° 기울여서 적재물을 자동으로 내리는 토사·골재 운반용의 특수 화물차량이다.
131,운수·창고및통신업,육상및수상운수업,택시및경차량운수업,대형선풍기,Large sized electric fan,회전축에 붙은 날개를 전동기로 돌려 바람을 일으키는 기계장치이다.
132,제조업,화학및고무제품제조업,기타화학제품제조업,데칸타,Decanter,원심력을 이용해서 고체와 액체(슬러지와 물)를 분리하는 기계이다.
133,제조업,전기기계기구·정밀기구·전자제품제조업,기타전기기계기구제조업,도장부스,Spray booth,제품에 스프레이 도장작업 후 트롤리 컨베이어에 제품을 걸 건조기로 보내는 설비이다.
134,농업,농업,축산업,돈방청소기,Hog barn cleaner,전동모터를 이용하여 양돈장 내부 바닥을 청소하는 기계이다.
135,제조업,목재및종이제품제조업,기타목재및목제품제조업,동력식 수동 대패,Hand push type wood planing machine,동력식 수동 대패는 전기를 동력으로 하는 기계로써/ 여러 개의 회전하는 둥근 칼날을 이용하여 나무의 표면을 동시에 깎아냄으로써 표면을 평평하게 하는 기계로써/ 작업 대상물이 작업점 위에 없을 때에는 안전장치가 칼날을 보호한다.
136,농업,농업,양잠업,동력운반차,Power vehicle,엔진의 힘을 이용하여 기계적으로 논밭을 갈고 김을 매거나 물건을 운반하는 농업 기계이다.
137,금융및보험업,금융및보험업,금융업,동전계수기,Coin counter,동전계수기는 동전을 투입하면 자동으로 계수하여 입력된 숫자만큼 자동으로 포장하는 기계기구이다.
138,금융및보험업,금융및보험업,금융업,동전분류기,Coin sorter,동전분류기는 여러 종류의 동전을 투입하면 동전을 종류별로 분류하여 주는 기계이다.
139,제조업,식료품제조업,야채및과실의통조림과기타절임식료품제조업,두유기,Soymilk machine,콩을 갈아서 두유로 만드는 기계이다.
140,제조업,목재및종이제품제조업,일반제재업,둥근톱기계,Circular sawing machine,원판주위가 톱니로 된 원형의 톱을 고속 회전시켜서 재료를 절단하는 기계이다.
141,제조업,출판·인쇄·제본또는인쇄물가공업,인쇄업,드라이 코팅기,Dry coating machine,드라이 코팅기는 전기를 동력으로 이용하는 기계로써/ 2개 이상의 롤러를 각각 반대 방향으로 회전하면서 필름이나 종이를 그 사이로 통과시켜/ 롤러의 압력에 의하여 원단에 압착시키는 기계이다.
142,운수·창고및통신업,철도·항공·창고·운수관련서비스업,창고업,드라이브 인 랙,Drive-in rack,화물의 형상에 따라 적재공간을 자유롭게 조절하여/ 공간 활용성을 증대시킨 적치대이다.
143,운수·창고및통신업,철도·항공·창고·운수관련서비스업,창고업,드럼 피커,Drum picker,지면이 평단한 평지에서 드럼운반 및 용기 내에 투입 작업 시 사용되는 운반기계이다.
144,제조업,화학및고무제품제조업,기타화학제품제조업,드럼절단기,Drum cutting machine,액상폐기물을 추출하기 위해 드럼 상단면을 절단하는 기계이다.
145,건설업,건설업,기계장치공사,드릴믹서기,Drill mixer,전동공구에 믹싱 날을 연결하여 시멘트를 혼합하여 주는 기계이다.
146,제조업,목재및종이제품제조업,기타목재및목제품제조업,드릴프레스,Drill press,드릴프레스는 전기를 동력으로 하는 기계로써/ 작업대 위에 설치하여 사용하는 소형의 드릴링 머신이다. 드릴의 지름이 13mm이하로 비교적 작고 깊지 않은 구멍을 뚫는 데 적합한 것으로/ 드릴은 인력으로 운반한다.
147,제조업,섬유및섬유제품제조업,표백및염색가공업,디솔바 믹서기,Dissolver mixer,염료 등의 분산/ 융해/ 혼합작업을 하는 기계이다.
148,제조업,선박건조및수리업,강선건조또는수리업,디젤지게차,Diesel fork lift,지게차는 내연기관을 동력으로 하는 기계로써/ 중량물을 싣거나 내리는 하역 전용의 특수 자동차이다.
149,제조업,전기기계기구·정밀기구·전자제품제조업,전자관또는반도체소자제조업,디핑기,Dipping machine,디핑기는 전기코일에서 발생하는 열을 이용하는 기계로써/ 회로기판에 부품을 올리거나 붙여놓은 후 한꺼번에 납땜작업을 하는 기계이다. 가열판은 수조구조로 되어 있어 여기에 납을 넣고 녹인 후 회로판을 넣어서 납땜 작업을 하는데 자동기기와 수동기기가 있다. 
150,기타의사업,도소매·음식·숙박업,음식및숙박업,뜨거운 식기,Hot tableware,대부분의 요리는 따뜻하게 유지되어야 하기 때문에 음식을 담는 식기는 음식물의 열기에 의해서 뜨거워지며 이로 인하여 화상 또는 2차 재해를 입을 위험이 매우 크다. 특히 한식당의 경우/ 매우 뜨거운 뚝배기나 찌개를 취급하고 있다.
151,제조업,식료품제조업,육제품또는유제품제조업,띠톱절단기,Band saw shear,띠톱절단기는 전기모터를 이용하는 기계로써/ 회전하는 칼날로 냉동상태의 육류를 절단하는 기계이다. 인력으로 작업하는 것에 비해 적은 힘으로 신속하게 할 수 있다.
152,제조업,목재및종이제품제조업,일반제재업,띠톱제재기,Band sawing machine,얇은 띠의 강철 양끝을 결합시켜 윤상으로 만들어 한쪽 측면에 톱니를 새긴 띠톱을 상/ 하 2개의 톱바퀴에 걸고 상부톱바퀴를 지렛대의 원리를 응용하여 띠톱에 일정한 장력을 주면서 회전시켜주는 기계이다.
153,제조업,섬유및섬유제품제조업,표백및염색가공업,라미네이터,Laminator,여러 층의 얇은 판재를 접착시켜 두꺼운 판재를 만드는 기계로써/ 종이 위에 플라스틱 필름을 입히는 용도 등으로 사용된다.
154,제조업,전기기계기구·정밀기구·전자제품제조업,통신기계기구또는이에관련한기계기구제조업,라미네이팅 머신,Laminating machine,전자기기와 부품 등의 기능향상과 제품보호를 위해 막을 입히는 기계이다.
155,제조업,전기기계기구·정밀기구·전자제품제조업,통신기계기구또는이에관련한기계기구제조업,라벨부착기,Labeller,라벨을 자동으로 부착해주는 기계이다.
156,제조업,전기기계기구·정밀기구·전자제품제조업,통신기계기구또는이에관련한기계기구제조업,랩핑기,Wrapping machine,포장되어져 나온 제품을 파렛트에 적재하여 랩으로 포장하는 기계이다.
157,기타의사업,전문·보건·교육·여가관련서비스업,오락·문화및운동관련사업,런닝머신,Treadmill running machine,전기적인 에너지를 기계적인 에너지로 전환시켜 마찰력을 이용하여 벨트가 돌아가면서 보폭을 만들면서 운동하는 기계장치이다.
158,제조업,기계기구·금속·비금속광물제품제조업,자동차제조업,레디얼 드릴링 머신,Radial drilling machine,레디얼 드릴링 머신은 전기모터를 이용하는 드릴링 머신을 수직기둥에 연결된 암(arm)에 매달아 가공물의 이동 없이 드릴링 머신의 이동만으로도 가공물에 구멍을 뚫을 수 있도록 만든 기계로/ 일반 드릴링 머신보다 큰 가공물을 가공할 수 있다.
159,제조업,기계기구·금속·비금속광물제품제조업,각종시멘트제품제조업,레미콘 믹서트럭,Remicon mixer truck,콘크리트를 만드는 여러가지 재료를 혼합하는 장치인 콘크리트 믹서를 장착한 차량이다.
160,제조업,선박건조및수리업,강선건조또는수리업,레버 풀러,Lever puller,레버 풀러는 인력을 이용하는 달기기구로써/ 본체/ 핸들/ 체인으로 구성되어 있으며/ 두 물체를 서로 당길 때나 와이어로프에 장력을 줄때 사용하는 기구이다.
161,제조업,기계기구·금속·비금속광물제품제조업,건설기계또는광산기계및설비품제조업,레벨러 피더,Leveller feeder,강관코일을 일정 길이로 프레스에 자동으로 공급해 주는 장치이다.
162,제조업,화학및고무제품제조업,플라스틱가공제품제조업,레이디얼 드릴기,Radial drilling machine,레이디얼 드릴기는 전기모터에 의하면 구동되는 드릴링 머신을 수직기둥에 연결된 암(arm)에 매달아/ 가공물의 이동 없이 드릴링 머신의 이동만으로 가공물에 구멍을 뚫을 수 있도록 만든 기계로써/ 일반 드릴링 머신보다 큰 가공물을 가공할 수 있다.
163,제조업,기계기구·금속·비금속광물제품제조업,금속가공기계제조업,레이저 마킹기,Laser marking machine,레이저마킹기란 레이저를 이용한 정밀하고 균일한 품질의 마킹작업을 할 수 있는 기계로써/ 소재나 표면 상태 등에 영향을 받지 않고 일정한 품질의 마킹이 가능하다는 장점이 있다.
164,제조업,섬유및섬유제품제조업,의복및장신품등의제조업,레이저 커팅기,Laser cutting machine,레이저로 라벨을 컷팅하는 기계이다.
165,제조업,기계기구·금속·비금속광물제품제조업,각종금속의용접또는용단을행하는사업,레이져 절단기,Laser cutter,레이저 절단기는 레이저를 이용하여 물리적인 접촉이 없이 직선/ 곡선형태의 절단 가공 등이 가능한 기계이다.
166,제조업,기계기구·금속·비금속광물제품제조업,철근콘크리트제품제조업,로드밀,Rod mill,공업용 분쇄기의 하나. 원통 안에 여러 개의 고탄소강 막대 와 분쇄할 재료를 함께 넣어/ 천천히 회전시켜 분쇄하여 고체입자를 작게 부수는 기계이다.
167,제조업,기계기구·금속·비금속광물제품제조업,선재제품제조업,로링기(압연기),Rolling machine,로링기는 전기를 동력으로 이용하는 기계로써/ 금속의 소성(塑性: 가소성)을 이용해서 고온 또는 상온의 금속재료를 회전하는 2개의 롤 사이로 통과시켜서 여러 가지 형태로 만들어 내는 공작기계이다.
168,제조업,식료품제조업,도정및제분업,로스터,Roaster,곡물을 볶는데 사용하는 전기기계기구이다.
169,건설업,건설업,건설기계관리사업,로우더,Loader,동력삽처럼 짐을 싣는 데 쓰는 기계. 선적용/ 토목 작업용 따위가 있으며/ 특히 광산에서 쓰는 것은 채탄 기계와 하나로 되어 있는 것이 많다. 
170,운수·창고및통신업,육상및수상운수업,특수화물운수업,로우베드 트레일러,Low-bed trailer,무게중심이 낮고 중량화물을 운송하는 트레일러이다.
171,건설업,건설업,건설기계관리사업,로울러,Roller,도로의 면을 고르거나 다지는 중장비. 철제 원통형 롤러가 앞뒤에 각 한 개씩 또는 앞에 한 개/ 뒤에 두 개가 달려 있어서 앞뒤로 오가면서 작업한다.
172,제조업,식료품제조업,도정및제분업,로터리 시후더,Rotary shifter,수평 운동에 의하여 이물/ 완전미/ 정립/ 대쇄/ 소쇄를 분리시켜 주는 기계이다.
173,제조업,수제품및기타제품제조업,기타각종제조업,롤교정기,Roller leveler,냉각된 제품의 평탄도와 직진도를 향상시키기 위한 기계로써/ 철근/ 형강 등의 제품은 주로 건설용으로 사용되기 때문에 곧아야 하나/ 엿가락처럼 길게 늘이는 압연 과정에서 자칫하면 휘어지기 쉬운 제품들을 곧게 만들어주는 기계이다.
174,제조업,기계기구·금속·비금속광물제품제조업,선재제품제조업,롤러,Roller,롤러는 전기를 동력으로 이용하는 기계로써/ 2개 이상의 롤러를 각각 반대 방향으로 회전하면서 가공재료를 그 사이로 통과시켜/ 롤러의 압력에 의하여 소성/ 변형 또는 연화시키는 기계를 말한다.
175,제조업,식료품제조업,육제품또는유제품제조업,롤러 컨베이어,Roller conveyor,롤러 컨베이어는 전기모터를 이용하는 기계로써/ 독립적으로 회전하는 롤러를 이용하여 적재된 제품을 이송시키는 기계이다. 중량물이나 다루기 힘든 형태의 제품을 정해진 속도로 원하는 위치까지 이동할 수 있다.
176,기타의사업,기타의각종사업,개인및가사서비스업,롤러볼,Roller ball,롤러에 전류를 통하여 전열작용에 의해 머리털에 웨이브를 주는 기계이다.
177,제조업,목재및종이제품제조업,일반제재업,롤러컨베이어,Roller conveyor,하나의 프레임에 의해 지탱되는 롤러로써 그 위로 수동/ 중력/ 동력에 의해 물체가 옮겨지는 장치이다.
178,제조업,식료품제조업,도정및제분업,롤링기,Rolling machine,롤러를 이용해 곡물을 분쇄하는 기계이다.
179,제조업,기계기구·금속·비금속광물제품제조업,제강압연업,롤포밍기,Roll forming machine,철/ 알루미늄 등의 소재의 철판을 금형 롤 형태로 자동으로 성형하여 주는 기계이다.
180,제조업,목재및종이제품제조업,목재가구제조업,루터기,Router,전기모터를 이용하는 기계로서/ 전동모터에 원하는 모양의 루터 날을 고정시킨 후 목재 위를 이동하며 홈파기/ 모서리가공/ 모양내기/ 턱만들기 등 목재의 부분가공에 사용하는 기계이다.
181,제조업,기계기구·금속·비금속광물제품제조업,석재및석공품제조업,루터기,Router,루터기는 루터날을 본체의척에 연결 후 석재의 홈파기/ 모서리가공/ 모양내기/ 턱 만들기 등에 사용하는 전동기계공구이다.
182,제조업,수제품및기타제품제조업,기타각종제조업,리벳팅 머신,Riveting machine,강철판 ·형강 등의 금속재료를 영구적으로 결합하는 데 사용되는 막대 모양의 기계로써/ 강철판을 포개어 뚫려 있는 구멍에 가열한 리벳을 꽂아 넣고/ 머리 부분을 받친 후 기계 ·해머 등으로 두들겨 변형시켜서 체결하는 기계이다.
183,운수·창고및통신업,철도·항공·창고·운수관련서비스업,창고업,리치 스텍커,Reach stacker,주로 야드(일부 안벽)에서 신축형 스프레다를 이용하여 컨테이너를 직접 운반 적재하거나 반출하는데 사용되는 장비로써/ 신축형 붐으로서 높이를 조절할 수 있으며 공 컨테이너(Empty Container)용과 풀 컨테이너(Full Container)용이 있다.
184,제조업,기계기구·금속·비금속광물제품제조업,자동차제조업,리치형 지게차,Reach type fork lift,입식 지게차는 앞쪽에 2단으로 신축하는 수직 마스트가 있어서/ 이에 맞물린 좌우 2개의 포크를 하물 밑에 밀어 넣고/ 들어올려 짐을 나르는 지게차 중/ 운전자가 서서 운행 및 작업을 하는 지게차이다.
185,제조업,화학및고무제품제조업,고무제품제조업,링 롤러 컨베이어,Ring roller conveyor,전기모터를 이용하는 기계로써/ 프레임에 나란히 설치되어 있는 롤러를 모터와 연결하여 작업 대상물을 운반하는 기계이다.
186,제조업,기계기구·금속·비금속광물제품제조업,건설용금속제품제조업,링 철근 자동절곡기,Ring-type reinforcement automatic folding machine,3개의 롤러로 파이프를 가공하는 기계로써/ 직선으로 뻗어 있는 파이프를 3개의 롤러를 이용하여 기계적인 힘으로 링 형태로 가공한다. 형태에 따라서 수직형과 수평형이 있다.
187,제조업,기계기구·금속·비금속광물제품제조업,철강또는비철금속주물제조업,마그포터,Magnetic porter,마그포터는 전자석의 자기력을 이용하는 기계로써/ 중량물을 전자석으로 부착하여 이송하는 설비이다. 인력으로 취급이 불가능한 대상물을 신속하게 이송할 수 있다는 장점이 있지만 철강제품이 아니면 사용이 불가능하다.
188,제조업,식료품제조업,야채및과실의통조림과기타절임식료품제조업,만두 성형기,Mandu forming machine,밀가루를 반죽하여 소를 넣어 빚은 음식에 일정한 모양을 만드는 가공 기계이다.
189,건설업,건설업,기계장치공사,말비계,Scaffolding,두 개의 일정한 모양의 형태를 가진 사다리를 정상부에 결합하고 다리를 벌린 모양으로 하여 발판으로 사용되는 것으로 건축공사에서 실내의 마무리/ 도장작업 등의 발판으로 사용한다.
190,기타의사업,부동산업및임대업,임대업,망치,Hammer,망치란 타격용 도구를 말하며/ 직종·용도에 따라 여러 종류가 있다. 작은 것은 마치/ 큰 것은 메라고 하며/ 최근에는 해머라는 말도 많이 쓰인다. 
191,기타의사업,전문·보건·교육·여가관련서비스업,보건및사회복지사업,멸균건조기,Drying machine,높은 열과 압력으로 세균을 멸균하도록 만들어 놓은 기기. 의료 기구의 소독에 주로 사용하는 기계이다.
192,제조업,기계기구·금속·비금속광물제품제조업,건설용금속제품제조업,모노레일 천장크레인,Mono-rail overhead crane,호이스트라는 권상기를 사용하여 건축물 등의 구조물에 가로로 주행하기 위한 레일을 설치한 후 크레인 얻어놓은 후/ 레일을 따라 주행하며 작업하는 형태의 크레인이다.
193,제조업,기계기구·금속·비금속광물제품제조업,석재및석공품제조업,모따기,Chamfering machine,모따기는 석재의 가장자리 또는 구석을 비스듬하게 깎아내서 사면 또는 둥그런 모양으로 만드는 가공 기계기구이다.
194,제조업,기계기구·금속·비금속광물제품제조업,철강또는비철금속주물제조업,모래믹서기,Sand mixer,모래믹서기는 전기모터를 이용하는 기계로써/ 주물사를 만들기 위해 실린더 속에 교반기를 설치하여 혼합하는 기계이다. 인력에 비해 대량의 주물사를 일정한 품질로 혼합할 수 있다는 장점이 있다.
195,건설업,건설업,건설기계관리사업,모터그레이더,Moter grader,주로 도로공사에 쓰이는 굴착기계로 주요부는 땅을 깎거나 고르는 블레이드(blade:날)와 땅을 파 일구는 스캐리파이어(scarifier)로/ 토공작업의 마무리로서의 땅고르기/ 측구(側溝)의 굴착/ 노반(路盤)이나 경사면을 형성하는 작업을 하는 기계이다.
196,제조업,기계기구·금속·비금속광물제품제조업,각종금속의용접또는용단을행하는사업,모형 절단기,Shape cutter,모형절단기는 가스 불꽃으로 금속을 직선/ 곡선형태의 절단가공이 가능한 기계이다.
197,제조업,목재및종이제품제조업,목재가구제조업,목재 가공용 보링머신,Wood boring machine,가공물을 테이블 또는 마룻바닥 위에 장치하고 보링용 공구를 회전시켜서 여러 종류의 구멍을 가공하는 기계이다.
198,제조업,목재및종이제품제조업,목재가구제조업,목재 재단기,Wood cutter,전기모터를 이용하는 기계로서/ 지름이 300∼400mm의 둥근톱에 전기모터를 연결하고/ 이를 고속으로 회전시켜서 목재를 직선으로 자르기 위한 기계.
199,제조업,목재및종이제품제조업,목재가구제조업,목재 절단기,Wood slitting machine,전기모터를 이용하는 기계로써/ 지름이 300∼400mm의 둥근톱에 전기모터를 연결하고/ 고속으로 회전시켜서 목재를 직선으로 자르기 위한 기계이다.
200,운수·창고및통신업,육상및수상운수업,특수화물운수업,목재 트레일러,Wood trailer,원목을 운반하는 트레일러이다.
201,임업,임업,벌목업,목재파쇄기,Wood crusher,목재 또는 잔가지를 임의의 형태(목재 파쇄 칩)로 잘게 부수는 기계이다.
202,제조업,섬유및섬유제품제조업,기타섬유제품제조업,몰딩성형기,Molding machine,몰딩 성형기는 전기를 동력으로 하는 기계로써/ 다양한 폭의 제품 생산과 가동에 있어서 빠른 속도와 정확한 운전이 가능하다. 대부분 기계진동이 심한 장비이므로 강화된 프레임과 방진패드 등을 사용하고 있다.
203,제조업,목재및종이제품제조업,기타목재및목제품제조업,못총,Nail Gun,못총은 공압을 동력으로 하는 기계로써/ 콤프레셔에서 나오는 압축 공기의 힘을 이용하여 플라스틱 카트리지에 장착된 50mm 내지 90mm 길이의 못을 목재에 박는 공구이다. 
204,기타의사업,도소매·음식·숙박업,음식및숙박업,무거운 주방용품,Heavy kitchen appliance,식재료나 주방용품을 다량으로 혹은 대량으로 취급하는 경우 개인 주방보다 다루기 어려운 중량물이 되기 쉽다. 더욱이 대상물이 젖은 경우에는 특히 주의를 요한다.
205,금융및보험업,금융및보험업,금융업,무정전전원장치,Uniterruptible power supply,무정전전원장치는 주 전원이 상실되었을 때 짧은 시간동안만이라도 컴퓨터가 계속 동작할 수 있도록 하는 장치이다.
206,제조업,식료품제조업,야채및과실의통조림과기타절임식료품제조업,무채기,Radish slicer,무를 작고 가늘게 일정한 크기로 슬라이스 해주는 기계이다.
207,기타의사업,부동산업및임대업,임대업,물건 운반,Goods transportation,운반 작업은 생산 활동에 수반되는 필수 행위로 공정 시간의 80~90%가 운반에 소요되며/ 노동으로 인한 재해의 85%/ 전체 재해의 30%가 운반 작업에서 발생된다. 
208,제조업,섬유및섬유제품제조업,의복및장신품등의제조업,물레기,Spinning wheel machine,솜이나 털 따위의 섬유를 꼬아서 실을 만드는 기계이다.
209,기타의사업,시설관리및사업지원서비스업,위생및유사서비스업,물탱크,Water tank,물탱크란 원활한 수도 공급을 위해 물을 저장하는 통으로서/ 건물의 규모나 구조에 따라 용량에 차이가 있지만 주로 빌딩이나 아파트 또는 마을상수도/ 복합건물 등에 이용된다.
210,기타의사업,도소매·음식·숙박업,음식및숙박업,미끄러운 바닥,Slippery floor,통로에 얽혀 있는 호스나 전선 등 장애물이 있거나/ 물이나 기름 등으로 통로가 오염되어 있는 경우 걸려 넘어지거나 미끄러져 사고가 발생할 위험이 크다. 특히/ 중량물을 운반하는 경우에는 주의를 요한다.
211,제조업,식료품제조업,수산식료품제조업,미싱기,Sewing machine,곡물/ 사료/ 기타원료 등을 담을 수 있는 종이/P.P(Plastic Polythene)백 한쪽에 재봉 후 레일을 따라서 전체를 재봉하는 기계이다.
212,기타의사업,기타의각종사업,개인및가사서비스업,미용수공구,Beauty treatment hand tool,머리카락을 손질할 때 사용하는 미용 수공구이다.
213,제조업,식료품제조업,육제품또는유제품제조업,믹서기,Mixer,믹서기는 전기모터를 이용하는 기계로써/ 전기모터에 연결된 분쇄날을 이용하여 재료를 잘게 분쇄하여 섞어주는 작업을 하는 기계이다. 사람이 하는 것보다 일정한 품질로 대향생산을 할 수 있다.
214,제조업,식료품제조업,육제품또는유제품제조업,민찌기,Meat grinder),민찌기는 전기모터를 이용하는 기계로써/ 전기모터에 연결되어 회전하는 스크류를 통해 육류를 곱게 갈아주는 작업을 하는 기계이다. 사람이 하는 것보다 일정한 품질로 대량생산을 할 수 있다.
215,제조업,식료품제조업,빵및과자류제조업,밀가루 반죽기,Flour mixer,전동모터를 이용하여 밀가루를 반죽하는 기계이다.
216,제조업,기계기구·금속·비금속광물제품제조업,일반산업용기계장치제조업,밀링기,Milling machine,밀링커터를 회전시켜 상하 ·좌우 ·전후의 선형이송운동(線形移送運動)을 준 공작물을 절삭하는 공작기계이다.
217,기타의사업,전문·보건·교육·여가관련서비스업,교육서비스업,바구니 운반카,Basket moving cart,바퀴를 달아 부식 재료를 담아서 옮기는 기구이다.
218,기타의사업,전문·보건·교육·여가관련서비스업,오락·문화및운동관련사업,바벨벤치프레스,Barbell bench press,벤치프레스봉의 양끝에 바벨을 달아 누워서 들어 올렸다 내렸다하는 운동기구이다.
219,제조업,수제품및기타제품제조업,기타각종제조업,박리기,Separator,코팅 라미네이팅 후 릴리스 페이퍼(release paper)를 제품으로부터 분리하는 기계이다.
220,제조업,화학및고무제품제조업,기타화학제품제조업,반응기,Reactor,2종 이상의 물질이 촉매나 유사 매개물질에 의해 일정한 온도/ 압력에서 반응하여 조성/ 구조 등이 다른 물질이 생성되는 장치이다.
221,제조업,식료품제조업,육제품또는유제품제조업,반죽기,Kneader,반죽기는 전기모터를 이용하는 기계로써/ 전기모터에 연결된 회전날로 반죽을 하는 기계이다. 밀가루와 물의 혼합비를 일정하게 유지하여 손으로 반죽하는 것 보다 신속하게 일정한 품질로 대량생산을 할 수 있다.
222,기타의사업,전문·보건·교육·여가관련서비스업,교육서비스업,밥 보온고,Rice heat storage,밥 그릇 보온유지를 위해 사용하는 전기기계기구이다.
223,기타의사업,도소매·음식·숙박업,음식및숙박업,배달용 오토바이,Delivery motorcycle,배달용 오토바이는 발동기를 장치하여 그 동력으로 바퀴를 회전시키게 만든/ 바퀴가 두 개 달린 원동기로서 국내법상 분류는 이륜차이다. 배달용 오토바이의 경우 일반적으로 뒤쪽에 배달용 함을 장착하여 사용하고 있다.
224,기타의사업,전문·보건·교육·여가관련서비스업,교육서비스업,배식 운반카,Food distributing moving cart,반찬을 배식하기 위해 이동용으로 제작된 운반기구이다.
225,기타의사업,전문·보건·교육·여가관련서비스업,교육서비스업,배식대,Food distributing table,뜨거운 음식을 따뜻하게 유지시켜주는 기계이다.
226,제조업,섬유및섬유제품제조업,의복및장신품등의제조업,밴드나이프,Band knife,두꺼운 의복의 원단을 자르는 기계이다.
227,제조업,기계기구·금속·비금속광물제품제조업,각종금속의용접또는용단을행하는사업,밴드쇼,Band saw machine,밴드쇼는 환봉/ 파이프/ 잔넬 등 여러 가지 철강소재를 바이스에 고정하여 톱날을 이용하여 커팅하는 기계이다. 비교적 직경이 큰 환봉 등을 절단할 때 사용한다.
228,제조업,기계기구·금속·비금속광물제품제조업,각종시멘트제품제조업,벌크시멘트 트레일러,Bulk cement trailer,벌크 시멘트를 적재한 트레일러와 트랙터가 결합하여 운반하는 차량이다.
229,제조업,기계기구·금속·비금속광물제품제조업,기타금속제품제조업또는금속가공업,범용드릴링머신,Common drilling machine,범용 드릴링 머신은 주축에 드릴을 고정하여 회전시키면서 동시에 이송을 주어 일감에 구멍을 뚫는 기계로써/ 주축에 고정된 공구의 종류에 따라 구멍뚫기 이외에도 여러 종류의 가공이 가능하다.
230,제조업,기계기구·금속·비금속광물제품제조업,금속가공기계제조업,범용선반,General purpose lathe,범용선반이란 주조·단조 등으로 만든 기계부품을 가공하는 기계로써/ 공구대의 이동이나 주축의 회전/ 공구의 교환/ 절삭유의 입출 등을 프로그램으로 제어할 수 있는 NC 선반에 비해 수동으로 제어해야 하기 때문에 다루기가 어렵다는 단점이 있다.
231,제조업,기계기구·금속·비금속광물제품제조업,일반산업용기계장치제조업,베이비그라인더,Baby grinder,베이비그라인더는 전기모터에 의하여 구동되는 소형 연삭숫돌로써/ 가공물의 용접면이나 구석부분 마감 등의 작업에 이용되는 공구이다. 일반적인 숫돌형 그라인더에 비해 작아 협소한 부분의 정밀가공이 가능하다.
232,제조업,기계기구·금속·비금속광물제품제조업,일반산업용기계장치제조업,벤딩기,Bending machine,철재 가공대상물을 규격에 맞게 구부리는 기계로써/ 각종 기계에 들어가는 철근이나 쇠 파이프 등을 규격과 각도에 맞게 구부리는 데 쓰이는 유압기계이다.
233,제조업,전기기계기구·정밀기구·전자제품제조업,전자관또는반도체소자제조업,벨트 컨베이어,Belt conveyor,벨트 컨베이어는 전기모터를 이용하는 기계로써/ 프레임의 양 끝에 설치한 풀리에 벨트를 엔드리스로 감아 걸고 그 위에 화물을 싣고 운반하는 컨테이너이다. 
234,제조업,기계기구·금속·비금속광물제품제조업,건설기계또는광산기계및설비품제조업,벽체 호이스트,Wall hoist,중량물을 인양/ 운반을 위해 건물 H빔에 부착해서 사용하는 인양기계이다.
235,건설업,건설업,기타건설공사,변압기,Electric transformer,전자기유도현상을 이용하여 교류의 전압이나 전류의 값을 변화시키는 장치이다.
236,운수·창고및통신업,통신업,통신업,보일러,Boiler,사무실과 작업장의 난방 및 온수 공급을 위한 기계이다.
237,운수·창고및통신업,육상및수상운수업,특수화물운수업,보트 트레일러,Boat trailer,레져용 보트를 운반하는 트레일러이다.
238,기타의사업,시설관리및사업지원서비스업,건물등의종합관리사업,복도,Corridor,복도란 건축물 내부 또는 건축물과 건축물 사이에 비/ 눈 등의 자연조건에 관계없이 다닐 수 있도록 지붕을 씌워 연결해 놓은 통로이다. 
239,제조업,기계기구·금속·비금속광물제품제조업,석재및석공품제조업,복합 절단기,Compound cutter,복합 절단기는 여러개의 절단 톱날이 부착된 상태에서 다양한 크기의 석재를 절단하는데 사용되는 기계기구이다.
240,제조업,식료품제조업,기타식료품제조업,볶음솥,Roasting kettle,전기를 원료로 곡물을 볶을 때 사용하는 기계이다.
241,기타의사업,전문·보건·교육·여가관련서비스업,교육서비스업,부스타,Booster,식당이나 급식소 같은 곳에서 식기세척기를 사용할 때 물을 데워 주는데 사용하는 기구이다.
242,기타의사업,전문·보건·교육·여가관련서비스업,교육서비스업,부침기,Griddle,가스를 원료로 사용해 기름으로 음식을 조리하는 기계기구이다.
243,제조업,식료품제조업,기타식료품제조업,분말포장기,Powder packaging machine,곡물 분말을 포장하는 기계이다.
244,제조업,화학및고무제품제조업,플라스틱가공제품제조업,분쇄기,Blender,분쇄기는 전기모터에 의하여 구동되는 회전 날을 가공대상물 투입구 아래에 설치하고 이를 회전시켜/ 가공대상물을 잘게 잘라 분쇄하는 기계로써/ 덩어리의 재료를 분쇄하여 분체로 만드는 데 쓰이는 기계이다.
245,건설업,건설업,기타건설공사,분전반,Cabinet panel,옥내배선에 있어서/ 간선(幹線)으로부터 각 분기회로(分岐回路)로 갈라지는 곳에/ 각 분기회로마다의 스위치를 설치해 놓은 전기 장치이다.
246,건설업,건설업,건설기계관리사업,불도저,Bulldozer,불도저는 많은 양의 흙/ 모래/ 자갈 등을 밀어내어 공사에 쓰이는/ 금속 날이 장착된 무한궤도 트랙터이다.
247,제조업,식료품제조업,수산식료품제조업,브러쉬,Brush,로울러 표면에 부착된 솔을 이용해 건어물 표면에 묻은 이물질을 제거하는 기계이다.
248,제조업,수제품및기타제품제조업,기타각종제조업,브로칭기,Broaching machine,브로치라는 다인공구를 일감표면이나 구멍에 눌러대고 통과시켜 절삭 가공하는 기계이다.
249,제조업,기계기구·금속·비금속광물제품제조업,철강또는비철금속주물제조업,블라스팅기,Blasting machine,블라스팅기는 공압을 동력으로 이용하는 기계로써/ 제품의 표면을 균일하게 가공하기 위해 공압을 이용하여 작은 쇠구슬을 고압 분사하는 기계이다. 비교적 넓은 면적을 균일하게 가공할 수 있다는 장점이 있다.
250,제조업,기계기구·금속·비금속광물제품제조업,각종시멘트제품제조업,블로어 모터,Blower motor,시멘트 사일로에 공기를 불어 넣어서 사일로 안의 시멘트를 블로어 시키는 기계이다.
251,기타의사업,전문·보건·교육·여가관련서비스업,골프장및경마장운영업,비상발전기,Emergency dynamo,비상발전기는 정전 시 공조/ 급수/ 배수/ 엘리베이터 등으로 인한 재해방지를 위하여 최소한의 예비전원을 확보할 수 있도록 하는 기계이다.
252,제조업,섬유및섬유제품제조업,표백및염색가공업,빔염색기,Beam dyeing machine,정경한 날실이나 또는 확포상의 천을 빔에 감아서 빔 염색기에 넣어 침염하는 기계이다.
253,제조업,섬유및섬유제품제조업,직물업,빔캐리어,Beam carrier,원사나 원단 빔을 옮기는 운반기계이다.
254,기타의사업,시설관리및사업지원서비스업,건물등의종합관리사업,빙판길,Icy roads,빙판길이란 추운날씨에 비와 눈이 내리거나 청소작업 후 고인물이 얼어서 생긴 길/ 통로 또는 작업장 바닥으로써/ 넘어지는 사고 발생의 위험이 매우 크다.
255,제조업,식료품제조업,빵및과자류제조업,뻥튀기 기계,Popped rice machine,고온고압에서 쌀이나 옥수수를 익히는 기계이다.
256,운수·창고및통신업,육상및수상운수업,구역화물운수업,사다리차(이삿짐 운반용 리프트),Latter truck,고층 빌딩이나 아파트에 이삿짐을 리프트를 사용하여 운반하는 차량이다.
257,농업,농업,축산업,사료배합기,Fodder mixer,조사료/ 농후사료/ 특수사료(칼슘/ 미네랄/ 비타민 등) 등을 소정의 비율로 배합/ 혼합하는 기계이다.
258,농업,농업,축산업,사료절단기,Forage cutter,목초/ 볏짚/ 옥수수줄기 등과 같은 사료 줄기를 세절하는데 사용하는 기계이다.
259,제조업,기계기구·금속·비금속광물제품제조업,철강또는비철금속주물제조업,사상기,Bench grinder,사상기는 전기모터를 이용하는 기계로써/ 가공물의 용접면이나 구석부분 마감 등의 작업을 하는 공구이다. 일반적으로 사용하는 핸드그라인더에 비해 가공능력은 떨어지나 큰 힘으로 신속하게 연마할 수 있다.
260,광업,석탄광업및채석업,무연탄광업,사이드 덤프로더,Side dump loader,사이드 덤프로더는 총 용적이 작은 작업을 편리하게 수행할 수 있는 차량으로 석탄 같은 것을 쌓는 채탄기계이다.
261,제조업,식료품제조업,도정및제분업,사일로,Silo,곡류입자를 보관하는 탑형의 곡류저장고이다.
262,제조업,출판·인쇄·제본또는인쇄물가공업,인쇄업,사철기,Thread sewing machine,사철기는 전기를 동력으로 이용하는 기계로써/ 제본을 하는 방식중 하나로 풀이나 다른 접착제를 사용하는 방식이 아닌 실을 사용하여 접장을 꿰매는 방식이다. 실 사(絲)자를 써서 사철(絲綴)이라 하며/ 엮음기 또는 실맴틀이라고도 한다.
263,제조업,기계기구·금속·비금속광물제품제조업,금속가공기계제조업,사출기,Injection machine,사출기란 원하는 모양의 제품을 생산하는 기계로써/ 열을 가하여 용융 상태인 재료의 일정량을 높은 압력으로 노즐을 통하여 폐쇄된 두 개의 금형사이 속에 유입시키는 기계이다.
264,제조업,식료품제조업,수산식료품제조업,삭절기,Chopper,슬라이스 칼날을 이용해 생선의 포를 뜨는 기계이다.
265,제조업,선박건조및수리업,강선건조또는수리업,산소 절단기,Oxygen cutter,산소 절단기는 가열불꽃과 산소를 분출하게 하는 기구로써/ 절단기의 분사구에서 나오는 가스 불꽃으로 금속을 800~900℃로 예열하는 한편/ 절단기 중심으로 산소를 고속으로 공급하여 금속을 산화시켜 절단하는 기구이다.
266,제조업,기계기구·금속·비금속광물제품제조업,일반산업용기계장치제조업,산소절단기,Oxygen cutter,산소절단기는 가열불꽃과 산소를 분출하게 하는 기구로써/ 절단기의 분사구에서 나오는 가스 불꽃으로 금속을 800~900℃로 예열하는 한편/ 절단기 중심으로 산소를 고속으로 공급하여 금속을 산화시켜 절단하는 기구이다.
267,기타의사업,기타의각종사업,개인및가사서비스업,산업용보일러,Industrial boiler,물을 가열하여 고온/ 고압의 증기나 온수를 발생시키는 장치. 난방 시설이나 목욕탕/ 터빈 구동 따위에 쓴다. 
268,기타의사업,기타의각종사업,각급사무소,살수차,Motor sprinkler,도로에 물을 뿌려 세정 보전을 하는 차량이다.
269,제조업,식료품제조업,기타식료품제조업,삼각김밥 포장기,Triangle gimbap packaging machine,삼각김밥을 자동으로 포장해주는 기계이다.
270,제조업,식료품제조업,도정및제분업,색채선별기,Grain color sorter,호퍼로부터 공급되는 곡물을 진동피드를 이용해 양품과 불량미를 선별하는 기계이다.
271,제조업,기계기구·금속·비금속광물제품제조업,석재및석공품제조업,샌더 포리셔,Sander polisher,샌더 포리셔는 석재 부분연마 및 광택 그리고 가공작업에 주로 사용되는 수공구로 샌딩페이퍼를 부착해서 사용한다.
272,기타의사업,전문·보건·교육·여가관련서비스업,오락·문화및운동관련사업,샌드벨트,Sand belt,동력원으로 샌드페이퍼를 회전하여 물체표면을 매끄럽게 해주는 기계장치이다.
273,제조업,기계기구·금속·비금속광물제품제조업,각종기계또는동부속품제조업,생산형(베드형) 밀링머신,Bed type milling machine,생산형(베드형) 밀링머신은 전기를 동력으로 이용하여 스핀들 헤드가 회전하면서 소재 표면을 절삭하는 공작기계이다.
274,제조업,기계기구·금속·비금속광물제품제조업,건설용금속제품제조업,샤링기(전단기),Shearing machine,샤링기는 유압에 의하여 작동하는 실린더를 이용하는 기계로써/ 금형사이에 철판을 투입 후 실린더로 압력을 가하여 철판을 소성 변형시켜 원하는 모양으로 잘라 주는 기계이다.
275,기타의사업,전문·보건·교육·여가관련서비스업,오락·문화및운동관련사업,샤워시설,Shower facility,운동을 하고 나서 냉수 및 온수로 몸을 씻기 위한 설비이다.
276,기타의사업,기타의각종사업,개인및가사서비스업,샴푸대,Shampoo stand,비누 등의 세제를 사용하여 모발을 청결하게 하기위한 의자식 세면대이다.
277,제조업,식료품제조업,도정및제분업,석발기,Sand corrector,곡물 중에 섞여있는 돌을 고르는 기계로 다공경사판/ 경사판에 진동을 가해 주는    요동장치/ 경사판의 경사각을 조절하는 조절장치/ 경사판 지지대/ 송풍기 등으로   구성되어 있다.
278,제조업,기계기구·금속·비금속광물제품제조업,석재및석공품제조업,석재 둥근톱 재단기,Stone circular saw cutter,석재 둥근톱 재단기는 전기를 동력으로 하는 기계로써/ 지름이 300∼400mm의 둥근톱에 전동기를 연결하고/ 고속으로 회전시켜서 석재를 직선으로 자르기 위한 장비이다. 
279,제조업,기계기구·금속·비금속광물제품제조업,석재및석공품제조업,석재 운반기,Stone carrier,재단용 석재를 진공 흡착판을 이용해 흡착 후 컨베이어 위에 올려놓는 인양 운반용 유압기계기구이다.
280,제조업,기계기구·금속·비금속광물제품제조업,석재및석공품제조업,석재 자동연마기,Stone automatic grinder,석재표면을 부드럽게 처리하기 위해 연마기 회전판에 연마석/ 연마 페이퍼 등을 부착해서 샌딩하는 기계기구이다.
281,제조업,기계기구·금속·비금속광물제품제조업,석재및석공품제조업,석재용 폭 재단기,Stone width cutter,석재용 폭 재단기는 절단하고자 하는 석재를 컨베이어벨트를 통해 이동시키면서 적당한 숫돌 입자를 물과 함께 주입하여 절단하는 기계이다.
282,제조업,식료품제조업,수산식료품제조업,선별기,Sorting machine,회전하는 드럼을 통과하면서 엉켜있는 미역을 풀어주고 불량품을 선별하는 기계이다.
283,제조업,기계기구·금속·비금속광물제품제조업,각종시멘트제품제조업,선별기(골재),Vibrating screen,골재와 모래를 선별하는 기계이다.
284,제조업,기계기구·금속·비금속광물제품제조업,각종기계또는동부속품제조업,성형 프레스,Forming press,성형 프레스는 유압에 의해 작동하는 실린더를 이용하는 기계로/ 금형사이에 철판을 투입 후 실린더로 압력을 가하여 철판을 소성변형시켜 원하는 모양으로 대량생산하는 유압기계이다.
285,제조업,기계기구·금속·비금속광물제품제조업,금속가공기계제조업,성형기,Molding machine,성형기란 가열로에 의하여 용융된 금속재료를 유압실린더를 이용하여 노즐을 통해 폐쇄된 거푸집 속에 밀어 넣고/ 냉각하여 금속제품을 만드는 기계로써/ 동일제품을 대량생산할 수 있다.
286,제조업,화학및고무제품제조업,고무제품제조업,성형진공유압프레스,Vacuum forming hydraulic press,유압을 동력으로 이용하는 기계로서/ 성형재료를 캐비티 속에 넣어 가열하면 유동상태의 성형재료가 캐비티의 구석구석까지 퍼짐과 동시에 화학반응을 일으키므로/ 일정시간 후 경화되면 금형을 열어 성형제품을 얻는 기계이다.
287,운수·창고및통신업,통신업,통신업,세단기,Shredder,폐기해야 할 문서 또는 종이를 분쇄하는 기계이다.
288,제조업,기계기구·금속·비금속광물제품제조업,각종시멘트제품제조업,세륜장,Auto tire washer,시멘트 운반차량에 묻은 시멘트 및 분진을 세척해주는 기계이다.
289,기타의사업,전문·보건·교육·여가관련서비스업,교육서비스업,세미기,Rice washing machine,회전하는 막대를 이용해 쌀을 씻는 기계이다.
290,제조업,수제품및기타제품제조업,기타각종제조업,세미캔트리크레인,Semi-gantry crane,크레인 거더의 한쪽에만 다리(교각)를 설치하고/ 다른 한쪽에는 일정한 높이의 건물에 레일을 설치한 기계이다.
291,제조업,섬유및섬유제품제조업,표백및염색가공업,세탁물 건조기,Laundry dryer,세탁물을 건조하는 기계이다.
292,기타의사업,전문·보건·교육·여가관련서비스업,보건및사회복지사업,세탁물운반카트,Handling carts,병원에서 배출되는 환자용 세탁물을 수거해서 운반하는 기구이다.
293,제조업,전기기계기구·정밀기구·전자제품제조업,일상생활용전기기계기구제조업,센트리스 연삭기,Centerless grinder,환봉이 두 개의 휠 사이를 통과하면서 환봉표면을 연삭하는 기계기구이다.
294,기타의사업,기타의각종사업,개인및가사서비스업,셋트대,Set stand,미용수공구 및 미용재료를 싣고 작업을 할 수 있는 작업대이다.
295,기타의사업,기타의각종사업,개인및가사서비스업,셋팅펌기,Setting perm machine,셋팅기에 전류를 통하여 전열작용에 의해 머리털에 웨이브를 주는 기계이다.
296,광업,석탄광업및채석업,무연탄광업,셔블로더,Shovel loader,석탄이나 광석 등을 낱알 그대로 퍼 담고 운반/ 배출하는 하역용 장비이다.
297,기타의사업,시설관리및사업지원서비스업,위생및유사서비스업,소각로,Incinerator,소각로란 폐기물을 태워 없애는 화로로서/ 소각대상 폐기물의 상태에 따라 종이·목재·플라스틱 등을 소각하는 고형소각로/ 음식물쓰레기·슬러지 등을 소각하는 수계(水系) 소각로/ 폐유·폐용제 등을 처리하는 폐액소각로로 나뉜다.
298,농업,농업,축산업,소독기,Disinfector,전기모터를 이용하여 소독약을 물과 혼합하여 고압으로 분사하여 바닥 등을 소독하는데 사용하는 기계이다.
299,기타의사업,전문·보건·교육·여가관련서비스업,골프장및경마장운영업,소방펌프,Fire pump,소방펌프는 소화전에서 필요한 물을 저수조에서 전기모터로 펌핑하여 공급하는 장치이다.
300,제조업,기계기구·금속·비금속광물제품제조업,각종시멘트제품제조업,소성로,Furnace,시멘트 원료를 용융하여 Clinker로 만들어 주는 기계이다.
301,기타의사업,전문·보건·교육·여가관련서비스업,골프장및경마장운영업,소형덤프트럭,Small dump truck,소형덤프트럭은 모레 등을 운반하는 자동차이며/ 적재대가 유압장치를 가지고 있어 자동으로 기울일 수 있도록 한 자동차이다.
302,제조업,기계기구·금속·비금속광물제품제조업,철강또는비철금속주물제조업,소형프레스기,Small press,소형프레스기는 공압이나 유압을 동력으로 이용하는 기계로써/ 재료에 힘을 가해서 소성 변형시켜 굽힘·전단·단면수축 등의 가공을 하는 기계이다. 공압을 이용하는 방식은 유압에 비해 규격이 작은 편이다.
303,기타의사업,전문·보건·교육·여가관련서비스업,교육서비스업,손 세척기,Hand cleanser,급식소 보건위생 관리를 위해 작업자들이 손을 세척하는데 사용하는 기구이다.
304,기타의사업,전문·보건·교육·여가관련서비스업,교육서비스업,손 소독기,Hand sterilizer,사용자의 손을 감지하여 소독액을 분사하는 위생기구이다.
305,제조업,섬유및섬유제품제조업,기타섬유제품제조업,솜평탄기,Cotten flat macine,솜평탄기는 유압이나 전기를 동력으로 하는 기계로써/ 천연 솜을 일정한 폭과 두께로 평탄화하는 기계이다. 일반적으로 롤러를 이용하는 방식과 프레스 방식이 있다. 통상 압축기로 불리기도 한다.
306,제조업,목재및종이제품제조업,일반제재업,송재차,Log carriage,원목을 띠톱제재기로 운반하는 기계이다.
307,건설업,건설업,건축건설공사,쇄석기,Crusher,바위나 돌을 부수어 알맞은 크기의 자갈로 만드는 기계이며/ 콘크리트의 골재로 쓰는 돌을 만든다.
308,제조업,기계기구·금속·비금속광물제품제조업,원동기제조업,쇼트 룸,Shot room,소/ 중/ 대형 철 구조물/ 조선 블록 등 자동 연속작업이 곤란한 가공물을 PAINT 접착성을 좋게 하기 위하여 PAINT 작업 전에 용접 SLUDGE 및 SCALE을 제거하는 설비이다.
309,기타의사업,도소매·음식·숙박업,도소매및소비자용품수리업,쇼핑카트,Shopping cart,물건을 실어 나를 수 있도록 만든 작은 손수레이다.
310,제조업,전기기계기구·정밀기구·전자제품제조업,기타전기기계기구제조업,수동 가공기,Manual processing machine,고정되어 있는 회전 날에 클램프한 소재를 전/ 후진 시켜서 성형하는 기계이다.
311,운수·창고및통신업,철도·항공·창고·운수관련서비스업,창고업,수동 롤 컨베이어,Manual roller conveyor,화물을 롤 컨베이어 상단에 올려놓은 상태에서 밀면서 이동시키는데 사용되는 기구이다.
312,제조업,기계기구·금속·비금속광물제품제조업,석재및석공품제조업,수동 밴딩공구,Manual bending tool,수동 밴딩 공구는 재단된 석재를 단위로 묶기 위해 스텐 밴드를 철밴드 조임기에 삽입 후 클립으로 결속하여 사용하는 수공구이다.
313,제조업,전기기계기구·정밀기구·전자제품제조업,통신기계기구또는이에관련한기계기구제조업,수동칩본딩기,Manual chip bonding machine,트랜지스터나 IC 소자를 기판에 접착하거나 소자의 회로를 외부로 끌어내기 위해 리드 프레임과 회로의 전극을 가는 금선 등으로 연결하는 기계이다.
314,운수·창고및통신업,철도·항공·창고·운수관련서비스업,창고업,수동크레인,Manual crane,인력운반이 어려운 중량물을 운반하는 기계이다.
315,광업,석탄광업및채석업,무연탄광업,수직갱 운반구축물,Vertical shaft transport structure,지하에 존재하는 광상(鑛床)을 개발하기 위한 광산의 수직갱으로 광산에 있어서 수직갱은 광상에 도달하기 위한 길이 되고/ 광석·자재 등을 운반하는 기계이다
316,금융및보험업,금융및보험업,금융업,수표압인기,Check stamping,수표 압인기는 특수 종이에 수표 디자인을 자동으로 인쇄하여 주는 기계이다.
317,금융및보험업,금융및보험업,금융업,수표인자기,Check writer,수표인자기는 수표에 각종 숫자/ 기호 등을 자동으로 인자하여 주는 기계이다.
318,운수·창고및통신업,통신업,통신업,수화물용 리프트,Luggage lift,특장차에서 화물을 상차하거나 하차를 하기 위해 유압을 이용해서 들어 올리거나 내리는 기계장치이다.
319,기타의사업,기타의각종사업,개인및가사서비스업,순간온수기,Instantaneous water heater,관 속으로 물이 흐름과 동시에 가스버너가 점화되어 물이 따뜻하게 데워지도록 만든 기구이다. 
320,제조업,기계기구·금속·비금속광물제품제조업,각종시멘트제품제조업,슈트기,Shoot machine,사일로에 저장되어 있던 시멘트를 벌크차량으로 배출하는 기계이다.
321,제조업,섬유및섬유제품제조업,직물업,스냅펀칭기,Snap punching machine,재료에 구멍을 뚫는 기계이다.
322,제조업,식료품제조업,야채및과실의통조림과기타절임식료품제조업,스모크 하우스,Smoke house,가스 등으로 연기를 사용해 훈연 처리하는 기계이다.
323,기타의사업,부동산업및임대업,임대업,스쿠터,Scooter,스쿠터란 발동기를 장치하여 그 동력으로 바퀴를 회전시키게 만든/ 바퀴가 두 개 달린 원동기로/ 국내법상 분류는 이륜차이다.
324,제조업,기계기구·금속·비금속광물제품제조업,각종금속의용접또는용단을행하는사업,스퀼러 카팅기,Squealer cutter,스퀼러 카팅기는 환봉/ 파이프 등을 자동으로 일정규격으로 절단가공하는 기계이다.
325,운수·창고및통신업,철도·항공·창고·운수관련서비스업,창고업,스크러버,Scrubber,차량 하단에 브러쉬와 흡입판을 갖춘 상태에서 작업장 바닥의 오염물을 포집하는 장비이다.
326,건설업,건설업,건설기계관리사업,스크레이퍼,Scraper,건설공사에서 토사를 굴삭(掘削)하고 운반하는 데 사용되는 기계이다.
327,제조업,전기기계기구·정밀기구·전자제품제조업,기타전기기계기구제조업,스크류 드라이버,Screw driver,에어를 이용해서 볼트를 체결할 때 사용하는 수공구이다.
328,제조업,화학및고무제품제조업,합성수지제조업,스크류컨베이어,Screw conveyor,스크류컨베이어는 전동기를 이용하는 기계로써/ U자형의 트로프 또는 원통 케이싱 내에서 나사모양의 날개를 회전시키는 구조로/ 트로프 속에 공급된 운반물의 자중과 날개회전에 의한 추진력을 이용하여 날개의 면을 따라 운반물을 이송시키는 기계를 말한다. 
329,제조업,출판·인쇄·제본또는인쇄물가공업,인쇄업,스크린 인쇄기,Screen printing machine,스크린 인쇄기는 나일론/ 데트론 또는 스테인레스 스틸 등으로 짜여진 스크린 망사를 나무나 알루미늄 등의 틀에 고정시킨 후/ 그 위에 판막을 만들어 필요한 화상 이외의 부분을 막고/ 그 안에 인쇄잉크를 부어 종이나 기타 피인쇄체에 인쇄하는 기계이다.
330,제조업,목재및종이제품제조업,골판지및종이용기제조업,스타칭기계,Stitching machine,스타칭기계란 재단된 골판지 원단을 박스형태로 만들기 위해 철사를 이용하여 원단을 스테이플하는 기계이다.
331,제조업,목재및종이제품제조업,목재가구제조업,스태플 타카,Staples tacker,콤프레셔에서 나오는 압축 공기를 동력으로 이용하는 기계로써/ 압축 공기의 힘을 이용하여 플라스틱 카트리지에 장착된 스태플을 목재에 박는 기계이다.
332,기타의사업,부동산업및임대업,부동산업,스탠드형 에어컨(공기조화기),Floorstanding aircondi,프레온 가스 등을 이용하여 액체가 증발할 때 주위에서 열을 흡수하는 원리를 이용하여 시원하게 기온을 유지하며/ 냉각 순환으로 특정 지역으로부터 열을 끌어내는 기계이다.
333,제조업,기계기구·금속·비금속광물제품제조업,자동차제조업,스폿용접기,Spot welding machine,스폿 용접기는 두 개의 철판을 맞붙이고 고압의 전기를 통과시켜 가열을 시킨 후 압력을 가해 붙이는 용접기계로서/ 자동차 차체소부재의 용접에 많이 쓰인다.
334,기타의사업,기타의각종사업,개인및가사서비스업,스피드 펌기,Speed perm machine,스피드 펌헤드에 전류를 통하여 전열작용에 의해 머리털에 웨이브를 주는 기계이다.
335,운수·창고및통신업,철도·항공·창고·운수관련서비스업,육상화물취급업,슬라이딩 랙,Sliding rack,랙과 컨베이어를 결합시킨 형태로 적재물이 랙 내에서 자중에 의해 흘러내리는 랙이다.
336,제조업,식료품제조업,육제품또는유제품제조업,슬라이스기,Slicer,슬라이스기는 전기를 동력으로 이용하는 기계로써/ 고정되어 있는 회전하는 톱날로 육제품을 얇게 슬라이스 하는 기계이다. 정해진 치수에 따라 일정하게 연속적으로 가공할 수 있다는 장점이 있다.
337,제조업,수제품및기타제품제조업,기타각종제조업,슬로터,Slotter,상하로 왕복운동하는 램의 절삭운동으로 테이블에 수평으로 설치된 재료를 절삭하며 셰이퍼를 직립형으로 한 기계이다.
338,운수·창고및통신업,철도·항공·창고·운수관련서비스업,창고업,습식 바닥청소기,Wet vacuum bottom cleaner,고온의 스팀을 이용해 작업장 바닥의 오염물질을 제거하는 기계이다.
339,제조업,식료품제조업,야채및과실의통조림과기타절임식료품제조업,습식(과즙)분쇄기,Colloid mill,칼날에 의해서 과일을 분쇄해서 과즙을 짜내는 기계이다.
340,운수·창고및통신업,육상및수상운수업,자동차에의한여객운수업,시내버스(CNG),Intra-city bus(CNG),시내에서 일정한 구간을 운행하는 압축 천연가스(CNG : Compressed Natural Gas)를 연료로 쓰는 버스이다.
341,운수·창고및통신업,육상및수상운수업,자동차에의한여객운수업,시내버스(경유),Intra-city bus(diesel),시내에서 일정한 구간을 운행하는 경유를 사용하는 버스이다.
342,제조업,기계기구·금속·비금속광물제품제조업,각종시멘트제품제조업,시멘트 믹서기,Cement mixer,시멘트와 모래와 물을 혼합하는 기계이다.
343,제조업,기계기구·금속·비금속광물제품제조업,각종시멘트제품제조업,시멘트 벌크 화차,Cement bulk freight car,액상이나 분말상의 화학약품/ 각종 유류/ 물 등의 액체나/ 시멘트와 같은 분말을 별도 포장 없이(벌크) 수송하는 화차이다.
344,제조업,기계기구·금속·비금속광물제품제조업,각종시멘트제품제조업,시멘트 사일로,Cement silo,많은 양의 건조한 시멘트를 저장하기 위한 사일로형의 저장고이다.
345,기타의사업,전문·보건·교육·여가관련서비스업,교육서비스업,식기 세척기,Dishwasher,세척물을 컨베어 시스템을 통해 세척하는 기계기구이다.
346,제조업,식료품제조업,빵및과자류제조업,식빵 슬라이서,Bread slicer,일정한 간격으로 식빵을 써는 기계이다.
347,광업,석탄광업및채석업,무연탄광업,식수차,Drinking water railcar,식수를 터널 및 지하구간까지 운반하는 철도차량이다.
348,기타의사업,전문·보건·교육·여가관련서비스업,교육서비스업,식자재 운반카트,Grocery moving cart,식자재를 운반하기 위해 제작된 운반도구이다.
349,기타의사업,도소매·음식·숙박업,음식및숙박업,식칼,Kitchen knife,식칼이란 부엌에서 고기/ 생선/ 채소 등의 식품을 자르는 데 사용하는 칼로서 용도에 따라 2가지로 구분하는데/ 큰 것은 보통 식칼이라 하여 육류·생선·채소를 다루는 데 사용하고/ 작은 것은 창칼이라 하여 채소·과일 등을 다루는 데 사용한다.
350,임업,임업,영림업,식혈기,Earth auger,묘목식재를 위한 구멍을 뚫는 데 사용되는 기계로써/ 보통 체인톱이나 예불기 등에 사용되는 엔진에 식혈기용 칼날을 부착한 조림용 임업기계이다.
351,제조업,기계기구·금속·비금속광물제품제조업,선재제품제조업,신선기,Wire drawing machine,신선기는 전기를 동력으로 이용하는 기계로써/ 철선/ 동선 등의 선재를 다이스 홀 내부로 통과시키면서 냉간가공에 의해 직경을 점차적으로 감소시키는 기기를 말한다.
352,제조업,식료품제조업,기타식료품제조업,실링기,Sealing machine,제품을 비닐포장작업 후 순간적인 고열로 실링작업을 하는 기계이다.
353,제조업,섬유및섬유제품제조업,표백및염색가공업,실크염색기,Silk dyeing machine,장력을 받으면 좋지 않은 직물/ 즉 모직물/ 얇은 무명직물/ 합성섬유/ 편직물 등의 염색에 사용하는 기계이다.
354,기타의사업,시설관리및사업지원서비스업,위생및유사서비스업,쓰레기 수거 차량,Waste collection vehicle,쓰레기 수거 차량이란 쓰레기 수거에 특화된 환경청소 차량으로서/ 적재함 후방의 투입구를 통하여 쓰레기를 투입하고 회전판 및 압축장치에 의해 압축함으로써 많은 양의 쓰레기를 운반할 수 있다.
355,기타의사업,시설관리및사업지원서비스업,위생및유사서비스업,쓰레기 압축기,Waste press,쓰레기 보관 및 운반을 보다 효율적으로 하기 위한 기계로서/ 쓰레기를 압축시켜 부피를 감소시킴으로써 적재공간 축소 및 작업장의 청결을 유지.
356,제조업,기계기구·금속·비금속광물제품제조업,선재제품제조업,아세틸렌절단기,Acetylene cutter,아세틸렌절단기는 산소와 아세틸렌이 화합했을 때 발생하는 높은 열을 이용해서 금속을 용접ㆍ절단하는 장치이다. 이 용접법은 불꽃이 생길 때 화학반응에 의해서 이산화탄소와 물이 생기므로/ 활성이 강한 금속의 용접에는 사용되지 않는다.
357,건설업,건설업,건설기계관리사업,아스팔트 피니셔,Asphalt finisher,아스팔트 포장기계로 아스팔트 플랜트에서 제조된 혼합재(混合材)를 덤프트럭으로부터 받아/ 자동으로 주행하면서 정해진 너비와 두께로 깔고 다져 마무리하는 기계이다. 
358,임업,임업,벌목업,아크야 윈치,Ackja winch,엔진이 장착되어 있어 절단된 목재 등을 끌어당기는데 사용하는 기계이다.
359,제조업,기계기구·금속·비금속광물제품제조업,기타금속제품제조업또는금속가공업,알곤용접기,Argon welding machine,알곤용접기는 주로 스테인리스나 알루미늄 합금강 등의 용접에 사용하는 용접기로/ 금속과 금속 사이에 아크방전을 이용하여 용접을 하면서 불활성 가스인 알곤가스로 아크를 덮듯이 하여 산화·질화를 방지함으로써 용착부에 아름다운 금속면을 얻도록 만든 용접기이다.
360,제조업,식료품제조업,도정및제분업,암롤 트럭,Arm roll truck,차량 적재함을 탈부착하기 위한 장치인 견인도구(암)과/ 가이드 장치인 롤이 장착된 차량이다.
361,제조업,식료품제조업,기타식료품제조업,압력솥,Pressure kettle,밀폐 가능한 용기에 열을 가할 때 생기는 대기압 이상의 압력을 이용하여 비교적 단시간에 음식 재료를 익힐 수 있게 해주는 조리기구이다.
362,제조업,기계기구·금속·비금속광물제품제조업,각종금속의용접또는용단을행하는사업,압력용기,Pressure vessel,압력용기란 용기의 내면 또는 외면에서 일정한 유체의 압력을 받는 밀폐된 용기를 말하며/ 보일러의 내압부분을 포함해서 호칭하는 경우도 있지만 일반적으로 보일러 이외의 압력용기를 말한다.
363,제조업,기계기구·금속·비금속광물제품제조업,철강또는비철금속주물제조업,압연기,Rolling machine,압연기는 전기모터를 이용하는 기계로써/ 1개 또는 2개의 롤러를 이용하여 정해진 치수로 판재를 소성 가공하는 기계이다. 균일한 치수로 작업이 가능하다. 단/ 취성파괴가 일어나는 소재는 사용할 수 없다.
364,제조업,전기기계기구·정밀기구·전자제품제조업,전자관또는반도체소자제조업,압연롤러,Rolling roller,압연롤러는 전동기를 이용하는 기계로써/ 2개 이상의 롤러를 각각 반대 방향으로 회전하면서 가공재료를 그 사이로 통과시켜/ 롤러의 압력에 의하여 소성/ 변형시키는 기계이다.
365,제조업,전기기계기구·정밀기구·전자제품제조업,전자관또는반도체소자제조업,압착기,Expeller,압착기는 공압이나 유압을 동력으로 이용하는 기계로써/ 2개의 판 사이에 압착할 재료를 넣고/ 강한 힘으로 판을 눌러서 납작하게 만드는 기계이다. 
366,제조업,화학및고무제품제조업,고무제품제조업,압축롤러,Serrated steel roller,전기모터를 이용하는 기계로서/ 2개 이상의 롤러를 각각 반대 방향으로 회전하면서 가공재료를 그 사이로 통과시켜/ 롤러의 압력에 의하여 소성/ 변형 또는 연화시키는 기계이다.
367,제조업,화학및고무제품제조업,합성수지제조업,압축재생기,Compression regenerator,압축재생기는 유압을 동력으로 이용하는 기계로써/ 투입된 폐합성수지 프레스식 파쇄기로 잘게 파쇄한 후 거름기로 큰 입자를 제거하여 합성수지를 재생하는 기계이다.
368,제조업,화학및고무제품제조업,합성수지제조업,압출기,Extruder,압출기는 유압을 동력으로 이용하는 기계로써/ 고무나 수지/ 찰흙/ 도자기 활성탄 따위의 여러 가지 재료를 압출하여 제품을 만드는 기계이다.
369,제조업,화학및고무제품제조업,기타화학제품제조업,액상폐기물 저장탱크,Liquid waste storage tank,액상 폐기물을 저장하는 저장탱크이다.
370,제조업,기계기구·금속·비금속광물제품제조업,선재제품제조업,앵글형핸드그라인더,Angle-type hand grinder,앵글형핸드그라인더는 전기를 동력으로 이용하는 기계로써/ 고속으로 회전하는 숫돌로 가공물을 정밀하게 다듬는 기계이다. 손잡이와 숫돌의 각도가 직각이므로/ 손으로 손잡이를 잡고 가공물에 직접 작업하기 용이한 그라인더이다.
371,운수·창고및통신업,철도·항공·창고·운수관련서비스업,창고업,야드 트랙터,Yard tractor,컨테이너부두 내에서만 운행할 수 있도록 제작되어 야드샤시와 조합 견인하여 안벽과 야드 사이에서 컨테이너를 운반하는 장비이다.
372,제조업,식료품제조업,야채및과실의통조림과기타절임식료품제조업,야채(무) 포장기,Vegetable packaging machine,야채나 무 등을 자동으로 포장해주는 기계이다.
373,제조업,식료품제조업,야채및과실의통조림과기타절임식료품제조업,야채분쇄기(분말),Vegetable crusher,분쇄날에 의해서 야채를 미세하게 파쇄하는 기계이다.
374,제조업,식료품제조업,야채및과실의통조림과기타절임식료품제조업,야채세척기,Vegetable cleaner,수확한 채소에 부착된 흙/ 먼지/ 농약 등을 물을 사용하여 깨끗이 제거하는 기계. 근채류용과 과채류용으로 나누고/ 용기의 중앙에 회전 브러쉬를 설치하고 밑 부분으로 흙이나 찌꺼기를 흘려보내는 구조이다.
375,기타의사업,도소매·음식·숙박업,음식및숙박업,야채절단기,Vegetable cutter,야채절단기란 전기 모터를 통해 회전하는 칼날이 내장되어 있어서 야채를 여러 종류의 모양이나 크기로 절단해 주는 기계로써/ 사람이 절단하는 것보다 일정한 품질로 신속하게 작업할 수 있다는 장점이 있다.
376,제조업,식료품제조업,야채및과실의통조림과기타절임식료품제조업,야채조리기,Vegetable cooking utensils,야채조리기는 다양한 종류의 칼날을 교체 사용함으로써 여러 용도에 따른 야채조리가 가능하도록 제작된 절단 기계이다.
377,제조업,식료품제조업,야채및과실의통조림과기타절임식료품제조업,양념혼합기,Condiment mixer,곡물을 수평원통형 혼합 장치와 연결된 스크류 컨베이어가 내장된 기계장치이다.
378,제조업,기계기구·금속·비금속광물제품제조업,철근콘크리트제품제조업,양생로,Curing furnace,콘크리트 부재를 넣고 뜨거운 증기를 쐬어 빨리 굳히는 가마이다.
379,농업,농업,양잠업,양수기,Water lifting machine,엔진을 부착하여 농업용수를 퍼 올리는 기계이다.
380,운수·창고및통신업,철도·항공·창고·운수관련서비스업,항만내의육상하역업,양화장치,Loading dock equipment,항만하역 작업을 하기 위해 선박에 설치되어 있는 데릭 또는 크레인 종류의 기계이다.
381,기타의사업,시설관리및사업지원서비스업,건물등의종합관리사업,에스컬레이터,Escalator,에스컬레이터란 컨베이어의 일종으로써/ 동력에 의해 회전하는 계단을 구동시켜 사람을 연속적으로 승ㆍ하강시키는 기계이다.
382,운수·창고및통신업,육상및수상운수업,택시및경차량운수업,에어 임팩트 렌치,Air impact wrench,압축공기를 이용하여 원운동과 댐퍼(진동 또는 충격)로 기계장치의 볼트/ 너트를 조이거나 풀 때 사용하는 공구이다.
383,광업,석탄광업및채석업,무연탄광업,에어 호이스트,Air hoist,에어 호이스트는 공기식으로 보조달기기구를 이용하여 하물을 후크에 체결하여 팬던트스위치를 조작/ 하물을 권상/권하 등으로 운반하는 기계기구이다.
384,제조업,기계기구·금속·비금속광물제품제조업,원동기제조업,에어그라인더,Air grinder,척 슬리브에 연마석을 삽입 후 에어를 이용해 사용하는 수공구이다.
385,기타의사업,전문·보건·교육·여가관련서비스업,골프장및경마장운영업,에어레이터,Aerator,에어레이터는 그린 갱신 작업용이며 천공작업으로 표토층의 일부를 갱신하는 장비이다.
386,광업,석탄광업및채석업,무연탄광업,에어윈치,Air winch,에어 윈치는 원통형의 드럼에 와이어 로프를 감아/ 도르래를 이용해서 중량물(重量物)을 높은 곳으로 들어 올리거나 끌어당기는 기계이다.
387,농업,농업,축산업,에어쿨러,Air cooler,내부의 공기를 팬을 사용하여 강제로 순환시키는 기계장치이다.
388,건설업,건설업,기계장치공사,에어타카건,Air taka-gun,타카는 공압식으로 콤프레샤의 압력으로 얇은 판이나 나무 등에 못을 박는 기계이다.
389,광업,석탄광업및채석업,무연탄광업,에어펀칭머신,Air punching machine,에어펀칭머신은 공압식으로 주축에 타공칼날을 고정하여 구멍을 뚫는 기계이다.
390,제조업,기계기구·금속·비금속광물제품제조업,제강압연업,에어프런쇼트기,Apron shot machine,주물 등 철재를 쇼트볼을 이용하여 표면을 연마하여 주는 기계장치이다.
391,제조업,기계기구·금속·비금속광물제품제조업,건설기계또는광산기계및설비품제조업,에이징기,Aging machine,세척완료 된 성형품을 건조하는 기계이다.
392,기타의사업,시설관리및사업지원서비스업,위생및유사서비스업,에이프런 컨베이어,Apron conveyer,두 줄의 엔드리스 체인을 평행으로 순환시키고 그 사이에 강판을 고정하여 지지면 으로 한 컨베이어이다.
393,기타의사업,전문·보건·교육·여가관련서비스업,오락·문화및운동관련사업,에폭시(접착제),Epoxy,두 물체를 서로 붙이는데 사용되는 물질이다.
394,임업,임업,벌목업,엔진 고지톱,Engines pruning saw,벌채목 등의 높은 위치의 가지를 자르는 기계이다.
395,제조업,목재및종이제품제조업,기타목재및목제품제조업,엔진 체인톱,Engine chain saw,엔진 체인톱은 내연기관을 동력으로 하는 기계로써/ 체인형 톱날을 원동기로 회전·구동시켜 목재를 절단하는 기계이다. 벌채/ 가지치기 등 나무를 자를 때 주로 쓴다.
396,기타의사업,전문·보건·교육·여가관련서비스업,골프장및경마장운영업,엔진브로워,Engine blower,엔진 브로워는 엔진을 동력으로 강한 바람을 불어 먼지 및 잡초 등을 불어내는 기계이다.
397,기타의사업,부동산업및임대업,부동산업,엘리베이터,Passenger elevator,건축물 기타 공작물에 부착되어 일정한 승강로를 통하여 사람을 운반하는 데 사용되는 기계이다.
398,제조업,출판·인쇄·제본또는인쇄물가공업,인쇄업,엠보싱기계,Embossing machine,앰보싱기계는 전기를 동력으로 이용하는 기계로써/ 색을 입히지 않고 인쇄물을 눌러 요철감(凹凸感)을 느끼도록 만드는 기계이다. 맨찍기라고도 불리며/ 박의 일종으로 볼 수 있다. 
399,제조업,기계기구·금속·비금속광물제품제조업,원동기제조업,엠씨티,Machining center,보링/ 밀링/ 드릴링 등의 작업을 하나의 기계에서 가공할 수 있게 만들어진 가공기계이다.
400,제조업,목재및종이제품제조업,목재가구제조업,엣지 벤더기,Edge bender,전기모터를 이용하는 기계로써/ 가구에 사용되는 목재의 모서리에 사용자가 다치는 것을 방지하기 위하여 밴딩을 해주는 기계이다.
401,제조업,기계기구·금속·비금속광물제품제조업,금속가공기계제조업,연마기,Grinding machine,연마기란 가공물의 표면을 균일하게 하거나 광택을 내기 위해 사용하는 기계로써/ 페이퍼나 숫돌을 이용하여 표면을 정밀하게 연마하는 기계이다.
402,제조업,섬유및섬유제품제조업,의복및장신품등의제조업,연사기,Twisting machine,연사기는 원사에 꼬임을 주는 기계로 연사공정에 의한 실의 강력의 증가/ 제/편직 작업 및 복합사 제조를 위한 예비가공으로서의 역할/ 원하는 신도의 확보/ 촉감과 형태의  발현 등을 통해 실과 직물에 특수한 효과를 부여할 수 있으며/ 전체적으로 사 품질과 부가가치를 향상시킬 수 있다.
403,제조업,섬유및섬유제품제조업,기타섬유제품제조업,연신기,Stretching machine,연신기는 전기를 동력으로 하는 기계로써/ 섬유제품을 제직한 후 일정한 두께와 폭으로 늘려주는 기계이다. 롤러를 이용하여 가압하여 가공한다.
404,제조업,기계기구·금속·비금속광물제품제조업,제강압연업,열간단조프레스,Hot forging press,금속의 재결정 온도보다 높은 온도에서 금속을 두들기거나 눌러서 필요한 형태로 만드는데 쓰는 프레스이다. 
405,제조업,기계기구·금속·비금속광물제품제조업,제강압연업,열간압연기,Hot rolling mill,금속 소재를 높은 온도로 달구어서 압연하는 기계이다.
406,제조업,기계기구·금속·비금속광물제품제조업,제강압연업,열처리로,Heat treating furnace,열처리를 하기 위하여 금속을 가열하는 노. 중유로/ 전기로/ 가스로 등이 있다.
407,제조업,전기기계기구·정밀기구·전자제품제조업,통신기계기구또는이에관련한기계기구제조업,열컷팅기,Heat cutting machine,전선피복(편조피복)을 탈피하는 기계이다.
408,건설업,건설업,기계장치공사,열풍기,Hot air heater,난방기(煖房機)의 발열체(發熱體) 뒤쪽에 팬을 장치하고/ 따뜻한 바람을 강제로 보내는 기구이다.
409,기타의사업,전문·보건·교육·여가관련서비스업,골프장및경마장운영업,예초기,Grass eliminator,예초기는 동력과 각종 칼날을 구비한 장비로 초류 또는 관목류 등의 제거작업에 사용되며/ 과거 낫으로 하던 일을 대신하여 사용이 편리하고 일의 능률을 한층 높일 수 있는 장비이다.
410,운수·창고및통신업,철도·항공·창고·운수관련서비스업,창고업,오더 피커,Order picker,포크부와 함께 상하강하며 고층용 물품의 적재 작업을 하는 운반하역기계이다.
411,제조업,수제품및기타제품제조업,기타각종제조업,오면가공기,Portal machining center,수직형 문형 머신 센트로서 milling/ boring/ drilling/ tapping등 종합 가공 장비이며/    table에 접촉된 바닥면을 제외한 5면을 한 번의 장착으로 가공이 가능한 기계이다.
412,제조업,식료품제조업,빵및과자류제조업,오븐,Oven,조리 기구의 하나로써/ 기구 속에 음식을 넣고 밀폐하면 밀폐한 공간의 사방에서 보내는 열로 음식이 익히는 기계이다. 전기 오븐과 가스 오븐이 있다.
413,기타의사업,전문·보건·교육·여가관련서비스업,정보처리및기타컴퓨터운용관련사업,오실로스코프,Oscilloscope,전압이나 전류의 입력파형의 변화를 음극선관(CRT) 화면을 통해 시각적으로 보여 주는 기계이다.
414,제조업,선박건조및수리업,강선건조또는수리업,오토바이,Motorcycle,오토바이는 발동기의 동력으로 바퀴를 회전시키게 만든/ 바퀴가 두 개 달린 원동기로/ 국내법상 분류는 이륜차이다. 주로 작업자들의 출퇴근과 사업장 내 이동시에 이용된다.
415,기타의사업,시설관리및사업지원서비스업,건물등의종합관리사업,옥내 계단,Interior step,옥내 계단이란 높이가 다른 두 바닥면을 연결하는 단형(段形)의 통로로/ 건물 내를 이동할 수 있는 계단을 말한다.
416,기타의사업,부동산업및임대업,임대업,옥외 계단,Outdoor step,옥외 계단이란 높이가 다른 두 바닥면을 연결하는 단형(段形)의 통로로/ 건물 외부를 이동할 수 있는 계단을 말한다.
417,운수·창고및통신업,철도·항공·창고·운수관련서비스업,운수부대서비스업,옥외소화전설비,Outdoor fire hydrant facility,옥외소화전설비는 건축물에 화재가 발생하여 건축물 내에 설치된 초기소화설비인 소화기/ 옥내소화전 설비/ 스프링클러설비 등 자동소화 설비에 의해서 소화가 이루어지지 않고 성장하여 본격 화재로 발전하였을 때 사용하는 소화설비로써 소방대상물의 본격 화재를 소화하기 위해서 소방대상물의 외부에 설치하는 설비이다.
418,제조업,전기기계기구·정밀기구·전자제품제조업,통신기계기구또는이에관련한기계기구제조업,온도보정기,Temperature correction machine,제품을 규정된 온도에 동작할 수 있게 보정하는 기계이다.
419,제조업,기계기구·금속·비금속광물제품제조업,특수산업용기계제조업,와이어 송급기,Wire feeder,용접용 와이어를 용접토치 내부에 설치된 라이너를 통하여 용접하려는 부재로 공급시켜 주는 기계이다.
420,광업,석탄광업및채석업,무연탄광업,왕복동 공기압축기,Reciprocating compressor,피스톤의 왕복운동에 의해서 기체를 압축하는 용적형(容積形) 압축기이다. 흡입밸브나 배출밸브를 가진 실린더와 피스톤의 조합 및 크랭크 기구(機構)로 이루어진다.
421,광업,석탄광업및채석업,무연탄광업,용선로,Cupola furnace,주철용(鑄鐵用) 용해로로 큐폴라라고도 하는데/ 바깥쪽은 연강판(軟鋼板)으로 만든 원통형 수직로인데/ 안쪽은 내화벽돌과 내화점토로 라이닝이 되어 있다.
422,제조업,기계기구·금속·비금속광물제품제조업,건설기계또는광산기계및설비품제조업,용접 로봇,Welding robot,성형제품을 접합하기 위해 스폿을 사용하는 자동화 기계이다.
423,운수·창고및통신업,통신업,통신업,운반대차,Platform carrier,우편물이 담겨져 있는 바구니를 다량으로 옮기기 위해 사용하는 운반기계이다.
424,제조업,섬유및섬유제품제조업,기타섬유제품제조업,원단와인더기,Fabric winder machine,원단와인더기는 전기를 동력으로 하는 기계로써/ 원단 재직에 필요한 실을 자동으로 투입해 주는 기계이다. 다수의 실을 투입하므로 복잡한 작업환경을 가진다.
425,제조업,섬유및섬유제품제조업,기타섬유제품제조업,원단제직기,Fabric textile machine,원단제직기는 전기를 동력으로 하는 기계로써/ 와인더를 통해 들어온 원사를 직조하는 기계이다. 빠른 속도로 원단을 만들 수 있어 대량생산에 적합하다.
426,제조업,화학및고무제품제조업,합성수지제조업,원료배합기,Raw material mix machine,원료배합기는 전동기를 이용하는 기계로써/ 회전축에 고정된 날개를 가지고 내용물을 저어주거나 정해진 비율로 섞는 기계이다.
427,제조업,목재및종이제품제조업,일반제재업,원목절단기,Log cutter,원목을 세로로 절단하는 기계이다.
428,제조업,화학및고무제품제조업,기타화학제품제조업,원심분리기,Centrifuge,원심력을 이용하여 성분이나 비중이 다른 물질들을 분리·정제·농축하는 기계이다.
429,제조업,기계기구·금속·비금속광물제품제조업,금속가공기계제조업,원통연마기,Cylindrical grinder,원통연마기란 가공물의 표면을 균일하게 하거나 광택을 내기 위해 사용하는 기계로써/ 페이퍼나 숫돌을 이용하여 표면을 정밀하게 연마하는 기계이다.
430,제조업,화학및고무제품제조업,플라스틱가공제품제조업,원형 기계톱,Circular machine saw,원형 기계톱은 전기모터에 의하여 구동되는 금속제 둥근톱 날을 회전시켜 가공물을 절단하는 기계로써/ 두께가 두껍지 않으며 길이가 긴 가공물의 절단에 쓰인다.
431,제조업,기계기구·금속·비금속광물제품제조업,건설용금속제품제조업,원형 전기톱,Circular electric saw,원형 전기톱날을 고속으로 회전시켜 금속을 절단하는 기계로 쇠파이프나 철근 등을 원하는 길이로 절단하는 데 쓰인다.
432,제조업,식료품제조업,야채및과실의통조림과기타절임식료품제조업,원형진동채,Cycle vibration sieve,본체에 장착된 모터의 힘을 이용해 스프링을 진동시켜서 굵기 별로 재료를 채로 선별 해주는 기계이다.
433,제조업,기계기구·금속·비금속광물제품제조업,철근콘크리트제품제조업,윈치,Winch,밧줄이나 쇠사슬로 무거운 물건을 들어 올리거나 내리는 기계. 기중기/ 케이블카/ 엘리베이터/ 토목 사업/ 건축 사업 따위에 널리 쓴다.
434,제조업,기계기구·금속·비금속광물제품제조업,선재제품제조업,윈치호이스트,Winch hoist,윈치호이스트는 전기를 동력으로 이용하는 기계로써/ 밧줄이나 쇠사슬/ 와이어로프를 ‘감았다 풀었다’하는 방식으로 무거운 화물을 들어 올리거나 내리는 기계이다.
435,운수·창고및통신업,육상및수상운수업,구역화물운수업,윙바디 트럭,Wing body truck,적재함 측면의 상부를 위로 날개처럼 개폐할 수 있도록 제작된 차량이다.
436,기타의사업,전문·보건·교육·여가관련서비스업,보건및사회복지사업,유니트체어,Unit chair,치과치료를 위한 장비들이 결합된 복합용 진료용 의료장비이다.
437,제조업,식료품제조업,야채및과실의통조림과기타절임식료품제조업,유동층과립기,Fluidized bed granulator,유동층과립기는 장치 내부에 설치되어 있는 분무 노즐을 통해 물을 뿌려 입자를 과립화 시키는 장치로써 식품 파우더를 과립형태로 만들어서 건조하는 기계이다.
438,제조업,화학및고무제품제조업,기타화학제품제조업,유수분리기,Flowing water separator,기름과 물의 비중차에 의해 물 속에 함유된 유분 또는 기름 속의 수분을 분리하는 기계이다.
439,제조업,전기기계기구·정밀기구·전자제품제조업,전자관또는반도체소자제조업,유압대차,Hydraulic cart,유압대차는 유압을 동력으로 이용하는 기계로써/ 유압실린더를 이용하여 대차의 높낮이를 작업자의 높이에 알맞게 조절하면서 작업할 수 있다. 
440,임업,임업,영림업,유압도끼,Hydraulic hatchet,유압으로 주로 나무를 자르기 위한 도구 또는 목공구(木工具)로 쓰이는 기계이다.
441,제조업,기계기구·금속·비금속광물제품제조업,기타금속제품제조업또는금속가공업,유압벤딩기,Hydraulic bending machine,유압 벤딩기는 유압을 이용하여 롤러를 회전시켜 재료를 둥글게 말아주는 공작기계로/ 철판을 파이프로 만들 때 쓰이는 기계이다.
442,제조업,기계기구·금속·비금속광물제품제조업,자동차제조업,유압사출기,Hydraulic injection machine,유압 사출기는 가열로에 의하여 용융된 플라스틱 재료를 유압실린더를 이용하여 노즐을 통해 폐쇄된 거푸집 속에 밀어 넣고/ 냉각하여 플라스틱 제품을 만드는 기계로/ 동일제품을 대량생산할 수 있다.
443,임업,임업,벌목업,유압식 벌목기,Hydraulic feller,일반 농용트랙터에 부착된 임업용 크레인 또는 굴삭기의 붐에 장착하여 사용할 수 있는 기계로써 벌목/ 가지치기/ 절단작업 등의 기능을 가지고 있고/ 벌목된 원목을 가지치기 후/ 한곳에 집적할 수 있는 소집재 기능을 가지고 있는 기계이다.
444,농업,농업,축산업,유압식 볏집 절단기,Hydraulic chaff cutter,압축 포장된 볏집을 절단하는 기계이다.
445,제조업,기계기구·금속·비금속광물제품제조업,기타금속제품제조업또는금속가공업,유압식 전단기,Hydraulic shear,유압식 전단기는 유압에 의하여 작동하는 실린더를 이용하는 기계로/ 금형사이에 철판을 투입 후 실린더로 압력을 가하여 철판을 소성 변형시켜 원하는 모양으로 잘라 주는 기계이다.
446,건설업,건설업,건축건설공사,유압식 크레인,Hydraulic crane,원동기를 내장하고 있는 것으로서 불특정 장소에서 스스로 이동이 가능한 유압식 크레인이다.
447,제조업,기계기구·금속·비금속광물제품제조업,선재제품제조업,유압자동선반,Hydraulic automatic lathe,유압자동선반은 유압을 동력으로 이용하는 기계로써/ 공작물을 고정시켜 놓고 회전하는 수평주축에 의하여 가공하는 기계이다. 이때 수평주축은 보통 동력에 의해 변속 회전하는데/ 유압과 캠을 이용하여 재료를 한번 조절하여 놓으면 연속적으로 가공된다. 
448,건설업,건설업,건축건설공사,유압천공기,Hydraulic knockout punch,바위나 지면에 구멍을 뚫는 기계로서 공기압축이나 유압에 의해 작동되는 기계이다.
449,제조업,기계기구·금속·비금속광물제품제조업,자동차제조업,유압프레스,Oil-hydraulic press,유압 프레스는 유압에 의하여 작동하는 실린더를 이용하는 기계로/ 금형사이에 철판을 투입한 후 실린더로 압력을 가하여 철판을 원하는 모양으로 소성변형시켜 대량생산 하는 기계이다.
450,제조업,기계기구·금속·비금속광물제품제조업,원동기제조업,유압프레스,Oil-hydraulic press,유압 펌프에서 토출되는 유량 및 압력으로 실린더를 이용하여 Block을 상하로 작동시켜 철판 및 기타 소재를 가압/ 성형하는 등 프레스의 작업 목적에 적합하도록 설계/ 제작된 기계이다.
451,제조업,식료품제조업,빵및과자류제조업,유탕기,Frying machine,기름을 가열하여 성형된 과자류를 튀겨주는 기계이다.
452,제조업,식료품제조업,육제품또는유제품제조업,육류절단기,Meat cutter,육류절단기는 전기를 동력으로 이용하는 기계로써/ 회전하는 톱날을 수직/상하 이동시켜 육류를 원하는 두께로 써는 기계이다. 사람이 하는 것보다 일정한 두께로 신속하게 할 수 있다.
453,제조업,식료품제조업,육제품또는유제품제조업,육제품성형기,Meat product forming machine,전기 모터에 의하여 회전하는 스크류 칼날을 통해 육류에 칼집을 넣는 기계이다. 사람이 하는 것보다 일정한 품질로 신속하게 대량의 재료를 처리할 수 있다.
454,제조업,출판·인쇄·제본또는인쇄물가공업,인쇄업,윤전기,Rotary press machine,윤전기는 전기를 동력으로 이용하는 기계로써/ 원통형의 판면과/ 이와 접촉하면서 회전하는 인압원통 사이에 인쇄용지를 끼워 인쇄한다. 신문인쇄의 경우처럼 두루마리 종이를 쓰는 고속 연속작업에 주로 쓰인다.
455,기타의사업,시설관리및사업지원서비스업,위생및유사서비스업,음식물 쓰레기 수거 차량,Food waste collection vehicle,쓰레기 중에서도 특히 음식물 쓰레기 수거에 특화된 환경청소 차량으로서/ 밀폐식 적재함에 부착된 이송판에 의해 고체/ 액상의 쓰레기를 적재할 수 있도록 되어 있음.
456,기타의사업,전문·보건·교육·여가관련서비스업,보건및사회복지사업,의료용침대,Medical beds,병원환자들의 진료/ 치료를 위해 고안된 이동식 침대이다.
457,제조업,섬유및섬유제품제조업,기타섬유제품제조업,의류프레스,Cloth press,의류프레스는 전기를 동력으로 하는 기계로써/ 완성된 제품에 열을 이용하여 펴 주는 기계이다. 일반적인 명칭은 열평판 프레스이다. 정해진 틀로 신속하게 작업을 할 수 있다.
458,건설업,건설업,기계장치공사,이동식 공기압축기,Transportable air compressor,외부로부터 동력을 받아 공기를 압축하는 기계로 차량에 연결하여 이동이 가능한 것을 말하며/ 스크류식 압축기/ 베인식 압축기/ 왕복동식 압축기 등이 있다.
459,제조업,목재및종이제품제조업,기타목재및목제품제조업,이동식 둥근톱,Potable circular saw,이동식 둥근톱은 전기를 동력으로 하는 기계로써/ 지름이 300∼400 mm의 둥근톱에 전동기를 직결하고/ 고속으로 회전시켜서 목재를 자르거나 켤 때 사용한다. 보통 3∼5 마력(hp)의 전동기를 부착시켜 사용하며/ 회전수는 매분 3/000∼3/600회이다.
460,제조업,기계기구·금속·비금속광물제품제조업,자동차부분품제조업,이동식 롤러 컨베이어,Portable roller conveyor,이동식 롤러 컨베이어는 전기모터를 동력으로 이용하는 기계로써/ 재료 또는 화물을/ 일정한 거리 사이를 자동으로 연속 운반하는 컨베이어 중/ 작업을 하는 위치로 이동이 용이하게 만든 컨베이어를 말한다. 
461,제조업,전기기계기구·정밀기구·전자제품제조업,기타전기기계기구제조업,이동식 반자동 컨베이어,Portable semi-automatic con,사용 장소에 따라 이동이 가능하도록 물건을 연속적으로 이동ㆍ운반하는 띠 모양의 운반 장치이다.
462,건설업,건설업,기타건설공사,이동식 발전기,Mobile type generator,기계적 에너지를 전기적 에너지로 변환하는 기계로써/ 이동이 가능한 장치이다.
463,건설업,건설업,건축건설공사,이동식 비계,Movable scaffolding,건축공사 때에 높은 곳에서 일할 수 있도록 설치하는 임시가설물로/ 재료운반이나 작업원의 통로 및 작업을 위한 발판이 되는 이동식 가설물이다.
464,제조업,기계기구·금속·비금속광물제품제조업,각종기계또는동부속품제조업,이동식 사다리,Portable ladder,고소작업을 위해 작업자가 승ㆍ하강이 용이하도록 일정한 간격으로 작업발판을 부착하고/ 이동을 편리를 위해 바퀴를 장착한 기구이다.
465,기타의사업,전문·보건·교육·여가관련서비스업,교육서비스업,이동식 에어컨,Portable air conditioner,고온의 작업환경 냉방을 위해 제작된 이동식으로 제작된 냉방기이다.
466,운수·창고및통신업,통신업,통신업,이동식 컨베이어,Movable conveyer,목적지별로 수화물을 분류하기 위해 사용되는 이동식 기계ㆍ기구이다.
467,건설업,건설업,기타건설공사,이동식 케이블 릴,Portable cable reel,전류가 흐르도록 하는 도체(導體)로써 쓰는 선이다.
468,건설업,건설업,건설기계관리사업,이동식 크레인,Transportable crane,원동기를 내장하고 있는 것으로서 불특정 장소에서 스스로 이동이 가능한 크레인이다.
469,운수·창고및통신업,철도·항공·창고·운수관련서비스업,창고업,이동식도크,Mobile dock,컨테이너와 일직선으로 결합하여 지게차로 상하차 작업을 하는데 사용되는 장비이다.
470,제조업,전기기계기구·정밀기구·전자제품제조업,전자관또는반도체소자제조업,이동식리프트,Movable type lift,이동식리프트는 동력을 이용하는 기계로써/ 가이드레일을 따라 움직이는 운반구를 매달아 화물을 운반할 수 있는 설비 또는 이와 유사한 구조 및 성능을 가진 기계설비 중 필요한 위치에서 사용할 수 있도록 이동이 가능한 것이다. 
471,제조업,화학및고무제품제조업,플라스틱가공제품제조업,이동용 대차,Moving cart,이동용 대차는 인력으로 짐을 실어 운반 이동하기 위한 도구로써/ 바퀴가 붙은 받침대를 말한다. 소화물 등을 운반할 경우에 사용하는 손잡이가 붙어 있어 인력운반에 용이하다.
472,운수·창고및통신업,통신업,통신업,이륜차,Two-wheeled vehicle,소량의 우편물을 실어 집배용으로 사용하는 이륜차이다.
473,제조업,기계기구·금속·비금속광물제품제조업,석재및석공품제조업,이중 절단기,Double cutter,이중 절단기는 절단하고자 하는 석재를 컨베이어벨트를 통해 이동시키면서 적당한 숫돌 입자를 물과 함께 주입하여 절단하는 기계이다.
474,기타의사업,전문·보건·교육·여가관련서비스업,정보처리및기타컴퓨터운용관련사업,인두기,Soldering iron,납을 사용해 두 개의 금속 표면을 이어 붙이는 도구로써/ 금속제품을 만들거나 수리하거나 전기회로에서 전기가 통하도록 할 때 널리 사용하는 기계이다.
475,제조업,전기기계기구·정밀기구·전자제품제조업,일상생활용전기기계기구제조업,인발기,Drawing machine,일정한 모양의 구멍으로 금속을 눌러 짜서 뽑아내어/ 자른 면이 그 구멍과 같고 길이가 긴 제품을 제작하는 가공기계이다.
476,제조업,기계기구·금속·비금속광물제품제조업,특수산업용기계제조업,인버터용접기,Inverter welder,교류전원을 컨버터부에서 1차 정류하고/ 정류된 직류전원을 인버터부에 20kHz 이상의 높은 주파수인 교류전원으로 변환시키고 이를 다시 정류하여 안정된 직류전류를 얻어 안정된 용접전력을 얻을 수 있는 기계이다.
477,제조업,섬유및섬유제품제조업,기타섬유제품제조업,인쇄기,Printing machine,인쇄기는 전기를 동력으로 하는 기계로써/ 티셔츠 등의 의류를 롤러를 이용하여 투입하면 자동으로 전산 처리되어 인쇄되는 기계이다. 틀을 교체하여 다양한 제품을 생산할 수 있다.
478,광업,석탄광업및채석업,무연탄광업,인차,Man cage,광산/ 탄광에서 사람을 운반하는 철도차량이다.
479,제조업,식료품제조업,야채및과실의통조림과기타절임식료품제조업,일자김밥 절단기,Single gimbap cutter,김밥을 일자형의 크기로 슬라이스 해주는 기계이다.
480,기타의사업,시설관리및사업지원서비스업,건물등의종합관리사업,일자형 사다리,Straight ladder,일자형 사다리란 이동식 사다리의 한 종류로써/ 전체적인 형상인 일자 형태로 되어있고 지붕/ 벽 등 구조물에 기대어 사용하는 사다리를 말한다.
481,제조업,전기기계기구·정밀기구·전자제품제조업,전자관또는반도체소자제조업,일자형핸드그라인더,Straight hand grinder,일자형핸드그라인더는 전기모터를 이용하는 기계로서/ 손잡이와 연삭날이 평행이 되는 일자형의 핸드그라인더이다. 금형제작 및 목공예 작업 시 사용하며 금형/ 지그 등의 표면 마무리 작업/ 구석진 부위의 표면 마무리 작업 등에 주로 이용된다.
482,제조업,기계기구·금속·비금속광물제품제조업,자동차부분품제조업,자동 절단기,Automatic cutter,자동 절단기는 전기를 동력으로 이용하는 기계로써/ 컨베이어를 이용하여 재료를 지속적으로 이송시켜 가면서 원하는 길이마다 연속적으로 자르기 위한 기계이다.
483,기타의사업,도소매·음식·숙박업,도소매및소비자용품수리업,자동문,Automatic door,사람이 출입할 때에 자동적으로 열리고 닫히는 문. 광학계를 차단함으로써 작동하는 방식과 문 아랫부분을 밟은 사람의 무게에 의하여 작동하는 방식이 있다.
484,제조업,화학및고무제품제조업,합성수지제조업,자동사출기게이트커팅기,Automatic injection gate cutter,자동사출기게이트커팅기는 유압을 동력으로 이용하는 기계로써/ 열가소성 플라스틱 재료에 열과 압력을 가하여 용해시키고/ 이것을 다시 높은 압력으로 폐쇄된 금형에 고속으로 유입시킨 후/ 충분하게 고화시켜서 원하는 성형품을 만들어 커팅하는 장치이다.
485,제조업,기계기구·금속·비금속광물제품제조업,건설기계또는광산기계및설비품제조업,자동세정기,Automatic scrubber,프레스 생산품(샤시)의 연속 세정 및 건조에 사용되는 설비이다.
486,제조업,식료품제조업,육제품또는유제품제조업,자동세척기,Automatic washing machine,자동세척기는 수압으로 제품을 세척하는 기계로써/ 바스켓식으로 연속 세척이 가능한 기계이다. 재료가 투입되어 1차 세척이 이루어지면 자동으로 배수된 후 2차 세척조로 자동 투입되는 방식을 이용한다.
487,제조업,식료품제조업,야채및과실의통조림과기타절임식료품제조업,자동스팀 반죽기,Automatic stream kneader,스팀을 이용하여 반죽하는 기계이다.
488,제조업,화학및고무제품제조업,플라스틱가공제품제조업,자동용기내부세척기,Automatic vessel inner washer,자동용기내부세척기는 전기모터에 의하여 구동되는 세척기로 컨베이어장치에 의하여 이송되어 온 용기를 세척하는 자동 세척 장치로써/ 연속적인 세척작업이 가능하여 공정의 처리속도가 빠르다.
489,제조업,기계기구·금속·비금속광물제품제조업,일반산업용기계장치제조업,자동용접기,Automatic welder,자동용접기는 전기를 동력으로 이용하는 아크용접기로써/ 전류의 조절/ 아크의 발생/ 용접봉의 공급 따위를 자동적으로 하여 일정한 속도로 용접하게 만든 기계이다. 가스 종류에 따라 알곤/ 헬륨용접 등으로 분류된다.
490,제조업,화학및고무제품제조업,합성수지제조업,자동재단기,Automatic cutting machine,자동재단기는 전기모터를 이용하는 기계로써/ 기계적 힘으로 여러 가지 소재를 자르는 기계이다. 순간적인 충격으로 칼날에 의하여 분리되나 절단기처럼 분리전과 후 물품 체적에 변화는 없다. 
491,제조업,기계기구·금속·비금속광물제품제조업,철강또는비철금속주물제조업,자동조형기,Automatic molding machine,자동조형기는 유압을 동력으로 이용하는 기계로써/ 실린더 속에서 가열하여 용융된 재료를 노즐을 통하여 폐쇄된 거푸집 속에 밀어 넣고/ 냉각하여 고체의 물건을 만드는 기계를 말한다.
492,임업,임업,벌목업,자동지타기,Automatic pruning machine,수간표면을 자동적으로 올라가면서 부착된 체인톱을 구동하여 가지를 잘라 떨어뜨리는 기계이다.
493,기타의사업,부동산업및임대업,임대업,자동차,Automobile,자동차란 차체에 장비한 원동기를 동력원으로 하여 노상·산야 등에서 주행하며/ 사람이나 화물을 운반하는 기계이다.
494,운수·창고및통신업,육상및수상운수업,택시및경차량운수업,자동차 리프트,Car lift,자동차 정비용 리프트는 또는 차량 정비용 리프트는 자동차를 정비할 때 차체를 들어 올린 상태로 유지하여 차체 하부 등에서 용이하게 작업을 할 수 있도록 고안된 리프트로써 기둥의 수에 따라 2주식/ 4주식 등으로 나뉘며 보다 간단한 구조의 리프트도 있다.
495,제조업,전기기계기구·정밀기구·전자제품제조업,통신기계기구또는이에관련한기계기구제조업,자동칩본딩기,Automatic chip bonding machine,반도체 칩 위의 표면전극을 절연기판 또는 패키지의 배선용 전극에 직접 접속하는 기계이다.
496,제조업,화학및고무제품제조업,플라스틱가공제품제조업,자동커팅기,Automatic cutter,고속으로 회전하는 톱날을 이용해 소재를 절단하는 기계이다.
497,제조업,기계기구·금속·비금속광물제품제조업,선재제품제조업,자동탭핑기,Automatic tapping machine,자동탭핑기는 전기를 동력으로 이용하는 기계로써/ 볼트를 이용해 부품을 체결하거나 조립하기 위해 가공물에 나사산을 깎는 기계이다. 사이클은 주축의 정회전 가속/ 감속/ 정지/ 역회전 가속/ 감속이라는 다섯 가지 공정의 제어를 수행한다.
498,제조업,목재및종이제품제조업,골판지및종이용기제조업,자동포장기,Automatic packer,자동포장기란 성형되어 나온 종이용기를 일정량씩 분리하여 비닐로 1차 포장하고/ 다시 컨베이어로 이송되어 2차 비닐포장 된 종이용기를 일정량 합하여 박스 포장까지 자동으로 수행하는 기계이다.
499,제조업,식료품제조업,수산식료품제조업,자숙기,Boil cooking machine,가스를 원료로 하여 건포류를 고온스팀으로 살균 또는 훈제하는 기계이다.
500,기타의사업,시설관리및사업지원서비스업,건물등의종합관리사업,자전거,Bicycle,자전거란 사람의 힘으로 바퀴를 회전시켜 움직이는 2륜차를 말하며/ 발로 밟는 힘을 페달·크랭크 기구·체인을 거쳐 뒷바퀴에 전달하게 되어 있다.
501,기타의사업,전문·보건·교육·여가관련서비스업,골프장및경마장운영업,작업차,Working vehicle,작업차는 골프장 등 잔디위에서 각종 자재 등을 운반 할 때 사용하는 자동차이다.
502,농업,농업,양잠업,잔가지 파쇄기,Brush wood chopper,각종 농작업 시 잔가지를 파쇄하는 기계이다.
503,제조업,섬유및섬유제품제조업,기타섬유제품제조업,재단기,Cutting machine,재단기는 전기를 동력으로 하는 기계로써/ 커터로 원단을 절단하는 기계이다. 수작업에 비해서는 신속하게 작업이 가능하나 정밀도를 위해서는 자동절단기를 사용하는 것이 유리하다.
504,제조업,섬유및섬유제품제조업,직물업,재봉틀,Sewing machine,재단된 원단을 바느질하는 기계이다.
505,기타의사업,시설관리및사업지원서비스업,위생및유사서비스업,재활용 쓰레기 수거 차량,Recycling Waste Collection Vehicles,대량의 재활용품을 쉽게 수거하기 위해 일반 트럭에 집게크레인을 장착한 특수차량이다.
506,제조업,화학및고무제품제조업,합성수지제조업,저속배합기,Low-speed mix machine,저속배합기는 전기모터를 이용하는 기계로써/ 고체입자를 작게 부수는 기계를 말한다. 분쇄방법은 분쇄되는 원료의 성질/ 목적/ 입도 등에 따라 달라지지만/ 입자에 가해지는 외력은 압축/ 전단/ 충격/ 또는 이것들을 조합한 기계적인 힘에 의하여 결정된다.
507,기타의사업,전문·보건·교육·여가관련서비스업,보건및사회복지사업,저주파치료기,Low-frequency therapy,저주파를 통해서 뭉친 근육이나 혈액순환이 잘 안되는 부위에 자극을 주는 장치이다.
508,기타의사업,전문·보건·교육·여가관련서비스업,정보처리및기타컴퓨터운용관련사업,전기 히터,Electric heater,작업장 보온을 위해 사용하는 전기기구이다.
509,제조업,기계기구·금속·비금속광물제품제조업,제강압연업,전기로,Electric furnace,전류에 의한 줄 열이나 아크 방전이 일으키는 열 또는 고주파에 의한 유도 전류가 일으키는 열을 이용하는 가마. 높은 온도를 연속적으로 얻을 수 있으며/ 온도 조절이 쉽고 용해 손실이 적은 것이 특징이다.
510,기타의사업,부동산업및임대업,부동산업,전기온풍기,Electric warm air machine,난방기(煖房機)의 발열체(發熱體) 뒤쪽에 팬을 장치하고/ 따뜻한 바람을 강제로 보내는 기계이다.
511,제조업,전기기계기구·정밀기구·전자제품제조업,전자관또는반도체소자제조업,전기탁상드릴,Electric bench drill,탁상용드릴링머신은 전기모터를 이용하는 기계로써/ 드릴을 회전시켜 가공물에 구멍을 만드는 공작기계이다. 탁상용 드릴은 주로 작은 구멍을 가공하는 작업에 사용하며 고속회전을 이용한다.
512,제조업,기계기구·금속·비금속광물제품제조업,일반산업용기계장치제조업,전단기,Shear,전단기는 유압에 의하여 작동하는 실린더를 이용하는 기계로써/ 금형사이에 철판을 투입 후 실린더로 압력을 가하여 철판을 소성 변형시켜 원하는 모양으로 잘라 주는 기계이다.
513,제조업,기계기구·금속·비금속광물제품제조업,자동차부분품제조업,전동 그라인더(휴대용 연삭기),Electric grinder,전동 그라인더는 전기모터를 이용하여 연삭 숫돌을 고속으로 회전시켜 가공물의 면을 깎는 기계로 작업자가 직접 손으로 잡고 작업을 하여 대형 가공물의 연삭에 적합한 연삭기이다.
514,기타의사업,전문·보건·교육·여가관련서비스업,정보처리및기타컴퓨터운용관련사업,전동 드라이버,Electric driver,동력을 이용하여 나사못이나 작은 나사를 돌려 박기 위해 사용되는 기계이다.
515,기타의사업,전문·보건·교육·여가관련서비스업,정보처리및기타컴퓨터운용관련사업,전동 드릴,Electric drill,동력을 이용하여 나무나 플라스틱 등에 구멍을 뚫을 때 사용되는 기계이다.
516,제조업,기계기구·금속·비금속광물제품제조업,건설용금속제품제조업,전동 드릴,Electric drill,전기모터를 이용하여 가공물에 구멍을 뚫는 기계로써/ 가공물에 뚫을 구멍의 크기에 따라 드릴 비트의 크기를 바꿔서 작업할 수 있다. 
517,제조업,기계기구·금속·비금속광물제품제조업,자동차부분품제조업,전동 운반차,Electric platform truck,전동 운반차는 다량의 자동차의 부속품을 운반하기 위하여 차 후방에 화물칸이 있는 조작이 편한 작은 전동차를 말하며/ 현장에서는 토이카라고 부르기도 한다.
518,제조업,기계기구·금속·비금속광물제품제조업,각종기계또는동부속품제조업,전동 지게차,Electric forklift,전동을 동력으로 하는 기계로써/ 포크와 마스트로 구성된 중량물을 운반 하역하는 기계기구이다.
519,제조업,기계기구·금속·비금속광물제품제조업,특수산업용기계제조업,전동고소작업대,Transmission high-place work bench,유압실린더에 의해 상승과 하강해서 높은 장소의 작업을 용이하게 할 수 있게 해주는 이동식 작업대이다.
520,기타의사업,전문·보건·교육·여가관련서비스업,골프장및경마장운영업,전동카트,Electromotive cart,전동카트는 전기밧데리로 골프장 내에서 이동할 때 사용하는 전동 자동차이다.
521,기타의사업,전문·보건·교육·여가관련서비스업,오락·문화및운동관련사업,전동캐디기,Electric golf caddy machine,골프연습장이나/ 스크린연습장에서 사용되는 공을 치기위에서 공을 전동으로 공급하는 기계장치이다.
522,운수·창고및통신업,철도·항공·창고·운수관련서비스업,육상화물취급업,전동파렛트 트럭,Electric pallet truck,전동으로 작동하며 공장 내 좁은 통로의 신속한 운반/ 대형할인마트 등에서 사용하는 기계이다.
523,제조업,화학및고무제품제조업,기타화학제품제조업,전사기(자동모티브3도기계),Automatic 3-color hot-fi,핫 피스나 스톤을 전사테이프에 붙이는 기계이다.
524,기타의사업,부동산업및임대업,부동산업,전열난방기,Electric heating machine,니크롬선의 저항발열을 이용한 선풍기 형태의 난방용 기계이다.
525,임업,임업,영림업,전정기,Pruning machine,가지치기를 하는 기계로/ 나무형태 다듬기/ 도장하는 가지 억제 과실속기 등의 작업에 사용되는 기계이다.
526,제조업,전기기계기구·정밀기구·전자제품제조업,일상생활용전기기계기구제조업,전조기,Thread rolling machine,휠과 휠 사이에서 소재가 맞물려 외경에 탭을 생성해서 볼트나 나사를 제작하는 유압기계이다.
527,기타의사업,시설관리및사업지원서비스업,건물등의종합관리사업,전지작업,Trimming work,전지작업이란 미관상 보기 좋은 모양으로 만들기 위해 나뭇가지 일부를 잘라 주는 일이다.
528,제조업,기계기구·금속·비금속광물제품제조업,기타금속제품제조업또는금속가공업,절곡기,Folding machine,절곡기는 평판 램 또는 슬라이드와 평판 베드로 구성되어 철판 등을 절곡/ 성형/ 금긋기 등의 금속가공 작업을 하는 동력기계이다.
529,제조업,화학및고무제품제조업,고무제품제조업,절단롤러,Cutting roller,전기모터를 동력으로 이용하는 기계로써/ 고무재료를 일정한 간격으로 자르는 기계이다.
530,제조업,전기기계기구·정밀기구·전자제품제조업,기타전기기계기구제조업,접점리벳팅기,Contact point riveting machine,소재와 소재사이에 나사모양의 리벳을 넣어 이어주는 기계이다.
531,제조업,목재및종이제품제조업,골판지및종이용기제조업,접착기,Sealer,접착기란 재단된 종이 원단을 박스형태로 만들기 위해 접착제를 이용하여 접착하는 기계이다. 대형 골판지 박스부터 소형 박스까지 다양한 크기의 박스를 만들 수 있다.
532,제조업,섬유및섬유제품제조업,직물업,정경기,Warper,보빈 또는 자새에 감긴 실을 일정한 장력으로 큰 빔이나 드럼에 감는 작업을 하는 기계이다.
533,제조업,섬유및섬유제품제조업,표백및염색가공업,정련통,Glossing hogshead,염색 전 불순물을 제거하는 통이다.
534,제조업,화학및고무제품제조업,기타화학제품제조업,정렬기,Aligner,롤 형태 라벨을 사용하여/ 스타휠에서 회전테이블 위로 진입한 용기가 센터링 헤드에 의해 상하 지지되어 하부 캠에 의하여 용기는 일정한 방향으로 정렬되고/ 라벨은 미리 입력된 정보에 따라 재단되어 핫멜트 풀 도포 후 용기의 회전 및 브러쉬에 의해 라벨링 하는 기계이다.
535,제조업,식료품제조업,도정및제분업,정미기,Rice cleaning machine,벼에 붙어 있는 겨층[糠層]을 벗겨내는 기계이다.
536,제조업,기계기구·금속·비금속광물제품제조업,각종기계또는동부속품제조업,정밀 보링머신,Fine boring machine,초경 합금의 바이트나 다이아몬드 바이트를 사용하여 매우 정밀한 다듬질면으로 가공할 수 있는 기계이다.
537,제조업,섬유및섬유제품제조업,의복및장신품등의제조업,정방기,Spinning frame,각종 방적법으로 만들어진 조사를 필요한 굵기로 드래프트하고 적당히 가연하여 실을 만드는 기계이다.
538,기타의사업,부동산업및임대업,부동산업,정수기,Water purifier,물리적·화학적 과정을 거쳐 물을 깨끗하게 거르는 기구로 온수와 냉수를 공급하는 장치이다.
539,기타의사업,시설관리및사업지원서비스업,위생및유사서비스업,정화조,Septic,침전이나 약품처리 등과 같은 절차를 통해 분뇨를 정화한 후 하수도로 배출하기 위해 일시적으로 저장하여 두는 수조.
540,제조업,목재및종이제품제조업,골판지및종이용기제조업,제대기,Bag making machine,제대기란 규격별로 절곡·절단되어 타발된 종이 반제품으로 각종 봉투 및 종이가방을 제조하는 기계이다. 접지장치/ 접착제도포장치/ 롤압력장치/ 건조장치 및 운반장치 등의 관련장치를 조정하여 모양에 따라 접착/ 컷팅한다.
541,기타의사업,도소매·음식·숙박업,음식및숙박업,제면기,Noodle maker,제면기란 면을 만들기 위하여 밀가루를 반죽하고 알맞은 두께로 펼쳐서 칼로 자르는 작업을 하는 기계로써/ 시간과 힘을 절약하고/ 빠르고 손쉽게 여러 종류의 면을 대량으로 만들 수 있다는 장점이 있다.
542,제조업,식료품제조업,빵및과자류제조업,제빵 발효기,Breadmaking fermenter,반죽을 일정한 온도로 유지하여 발효시켜 팽창시키는 기계이다.
543,제조업,화학및고무제품제조업,고무제품제조업,제품 세척기,Products washer,전기모터를 동력으로 이용하는 기계로써/ 1차 가공품이 2차 공정에 투입되기 전에 컨베이어 위에 고압스프레이를 설치하여 고압의 물에 의하여 자동 세척하기 위한 기계이다.
544,제조업,수제품및기타제품제조업,기타각종제조업,제함기,Sack making machine,통함이나 제함된 골판지상자와 같이 완성된 외장함에 채우는 방식과 시트상의 골판지와 같은 포장재료로부터 제함/ 채우기 및 봉함을 하나의 장치로 제품을 외포장하는 기계이다.
545,제조업,화학및고무제품제조업,기타화학제품제조업,조립기,Assembling machine,자동으로 공급되는 용기에 캡을 부착하는 기계이다.
546,제조업,전기기계기구·정밀기구·전자제품제조업,일상생활용전기기계기구제조업,조립컨베이어,Assembly conveyor,백색 가전용 소형모터를 파렛트에 장착 후 조립하는 자동화설비이다.
547,제조업,기계기구·금속·비금속광물제품제조업,각종시멘트제품제조업,조쇄기,Crusher,분쇄기는 분쇄물의 크기에 따라 여러 가지로 분류되는데 그 중 가장 큰 분쇄물로 분쇄하는 기계이다.
548,제조업,목재및종이제품제조업,골판지및종이용기제조업,종이재단기,Paper cutter,종이재단기란 전단기의 일종으로서 정식명칭은 종이 전단기이다. 기계적 힘에 의하여 종이를 정해진 규격으로 자르는 기계로서 칼날에 순간적으로 큰 힘을 실어 종이를 분리하므로 절단기처럼 분리전과 후 물품 체적에 변화는 없다.
549,제조업,목재및종이제품제조업,골판지및종이용기제조업,종이컵성형기,Paper cup forming machine,종이컵성형기란 종이를 원료로 하여 원하는 형태의 종이컵을 만드는 기계로서 자판기용컵/ 음료용컵/ 라면 및 아이스크림 용기 등을 성형하는 기계이다.
550,운수·창고및통신업,철도·항공·창고·운수관련서비스업,운수부대서비스업,주차 차단기,Parking gate,주차장에 출입하는 차량을 통제하는 목적으로 사용되는 기계설비이다.
551,제조업,식료품제조업,야채및과실의통조림과기타절임식료품제조업,중탕기,Drugs double boiler,중탕기는 가스를 연료로 사용하여 물이나 기름과 같은 용매가 담긴 용기에 야채 등을 넣어 간접적으로 열을 가하여 데우거나 끓이는데 사용하는 조리기구이다.
552,기타의사업,전문·보건·교육·여가관련서비스업,보건및사회복지사업,중환자용리프트,Parent moving lift,거동이 불편한 중환자를 침대에 옮길 때 사용하는 의료기계기구이다.
553,제조업,목재및종이제품제조업,일반제재업,지게차,Fork-lift,지게차는 내연기관을 동력으로 하는 기계로써/ 중량물을 싣거나 내리는 하역 전용의 특수 자동차이다.
554,제조업,전기기계기구·정밀기구·전자제품제조업,전자관또는반도체소자제조업,지그,Jig,지그는 작업대와 가공물을 고정하기 위한 도구로써/ 기계 부품을 가공할 때/ 가공위치를 쉽고 정확하게 정하기 위한 보조 기구이다. 
555,제조업,기계기구·금속·비금속광물제품제조업,건설용금속제품제조업,지브 크레인(소형 크레인),Jib crane,지브크레인은 선회 혹은 부양하는 암(arm)에 하물을 매달고 하역하는 크레인으로써/ 고정식인 것과 주행식인 것이 있다. 수직축을 중심으로 원을 그리며 돌므로 선회 크레인이라고도 한다.
556,금융및보험업,금융및보험업,금융업,지폐결속기,Paper money binding machine,지폐결속기는 지폐묶음을 PP끈으로 결속하여 주는 기계이다.
557,금융및보험업,금융및보험업,금융업,지폐계수기,Paper money counter,지폐계수기는 지폐를 자동으로 계수하여 주는 기계이다.
558,제조업,섬유및섬유제품제조업,의복및장신품등의제조업,직기,Loom,직물을 짜는 기계이다.
559,제조업,목재및종이제품제조업,목재가구제조업,직립 드릴링 머신,Upright drilling machine,전기모터를 이용하는 기계로써/ 작업대 위에 설치하여 사용하는 소형의 드릴링 기계이다.
560,기타의사업,기타의각종사업,각급사무소,진공 청소차량,Vacuum cleaning vehicle,차량 하단에 브러쉬와 흡입판을 갖춘 상태에서 작업장 바닥의 오염물을 진공으로 포집하는 장비 차량이다.
561,제조업,기계기구·금속·비금속광물제품제조업,자동차부분품제조업,진공크레인(에어 호이스트),Vacuum crane,진공크레인 (에어 호이스트)은 사람의 팔 모양을 본 따서 만들어진 지브 크레인으로 하물(荷物)을 들어 올려서 상하·좌우·전후로 운반하는 기계이다.
562,제조업,식료품제조업,수산식료품제조업,진공포장기,Vacuum packing machine,포장 주머니나 통 안을 진공 상태로 만들어 포장하는 기계이다.
563,제조업,기계기구·금속·비금속광물제품제조업,석재및석공품제조업,집수조,Water Holding tank,집수조는 지상이나 실내바닥 등에서 흐르거나 청소용수 등을 집수 하는 용도의 물을 모으는 용도로 사용되는 설비이다.
564,제조업,목재및종이제품제조업,일반제재업,집진기,Dust collector,기체 속에 부유하고 있는 목분을 모아서 제거하는 장치이다.
565,제조업,목재및종이제품제조업,목재가구제조업,집진기(중력),Dust collector,기체 속에 부유하고 있는 목분을 모아서 제거하는 장치이다.
566,기타의사업,도소매·음식·숙박업,도소매및소비자용품수리업,차량용 리프트,Vehicle lift,리프트가 차량후미에 장착되어 물건이나 짐을 실어 올리는 장치이다.
567,제조업,식료품제조업,야채및과실의통조림과기타절임식료품제조업,채반대차,Wicker tray subcar,채반대차는 야채 등을 담아서 옮기는 채반을 다량으로 실어서 운반할 수 있도록 제작된 운반기구이다.
568,금융및보험업,금융및보험업,금융업,천공기,Piercing machine,천공기는 전기모터를 이용하여 종이 및 지폐에 구멍을 뚫는 기계이다.
569,제조업,기계기구·금속·비금속광물제품제조업,일반산업용기계장치제조업,천장주행크레인,Overhead traveller crane,서로 마주보는 벽을 따라 레일을 부설하고/ 이 레일에 직각으로 주행하는 빔(beam)을 걸친다. 이 빔에 권양(捲揚) 및 횡행장치(橫行裝置)를 갖는 트롤리(trolley)가 부설되어 트롤리로부터 후크(hook)를 내려서 중량물을 인양운반하는 기계기구이다.
570,건설업,건설업,건축건설공사,철근,Rebar,철근 콘크리트 시공 때 보강재로 콘크리트 속에 넣는 연강선재(軟鋼線材)이다.
571,제조업,기계기구·금속·비금속광물제품제조업,건설용금속제품제조업,철근 자동절곡기,Reinforcement automatic folding machine,철근자동절곡기는 전기를 동력원으로 하여 직선으로 뻗어 있는 철근을 용도에 맞게 각도를 조절하여 구부려 가공하는 기계이다. 한번에 여러 개의 철근도 절곡이 가능하다.
572,건설업,건설업,건축건설공사,철근절단기,Rebar cutter,철근 절단기는 철근을 일정 길이 또는 원하는 길이로 절단 가공하는 기계이다.
573,제조업,선박건조및수리업,강선건조또는수리업,철판 샤링기,Flat steel shearing machine,철판 샤링기는 유압에 의하여 작동하는 실린더를 이용하는 기계로/ 금형사이에 철판을 투입 후 실린더로 압력을 가하여 철판을 소성 변형시켜 원하는 모양으로 잘라 주는 기계이다.
574,기타의사업,전문·보건·교육·여가관련서비스업,오락·문화및운동관련사업,청소기,Vacuum cleaner,모터로 흡입하여 바닥에 먼지나 작은 이물질을 제거하는 기계기구이다.
575,제조업,전기기계기구·정밀기구·전자제품제조업,기타전기기계기구제조업,체인 컨베이어,Chain conveyor,체인을 이용해 PVC 파이프를 이송하는 설비이다.
576,제조업,기계기구·금속·비금속광물제품제조업,각종기계또는동부속품제조업,체인 크레인 (체인 호이스트),Chain hoist,전기모터를 이용해 중량의 화물을 권상 후 운반하는 기계이다.
577,제조업,기계기구·금속·비금속광물제품제조업,각종시멘트제품제조업,체인블록,Chain block,체인으로 짐을 감아올리거나 내리는 장치이다.
578,제조업,목재및종이제품제조업,목재가구제조업,체인톱,Chain saw,체인톱기계는 내연기관을 동력으로 하는 기계로써/ 체인형 톱날을 원동기로 회전·구동시켜 목재를 절단하는 기계이다.
579,제조업,목재및종이제품제조업,일반제재업,체인톱기계,chain saw machine,체인톱기계는 내연기관을 동력으로 하는 기계로써/ 체인형 톱날을 원동기로 회전·구동시켜 목재를 절단하는 기계이다.
580,제조업,전기기계기구·정밀기구·전자제품제조업,통신기계기구또는이에관련한기계기구제조업,초음파 융착기,Ultrasonic solder,금속과 금속이 아닌 플라스틱 등을 초음파로 녹여 성질을 같게 하여 접합하는 기계이다.
581,광업,석탄광업및채석업,무연탄광업,축전차,Electric condenser car,축전기로 움직이는 열차로/ 인차/ 대차/ 광차 등을 끌어주는 열차이다.
582,제조업,식료품제조업,기타식료품제조업,충진기,Can filler,액상의 제품을 포장용기 또는 전용용기에 충진하는 기계이다.
583,기타의사업,전문·보건·교육·여가관련서비스업,교육서비스업,취반기,Rice cooker,가스를 원료로 사용해서 밥을 짓는 기계이다.
584,제조업,섬유및섬유제품제조업,표백및염색가공업,치즈염색기,Cheese dyeing machine,실을 치즈나 컵에 감은 것을 구멍이 있는 축을 통하여 염액을 순환시켜 염색하는 기계이다.
585,제조업,전기기계기구·정밀기구·전자제품제조업,일상생활용전기기계기구제조업,칩 탈수기,Chip dewatering equipment,폐칩을 수거해서 원심력을 이용하여 칩과 오일을 분리하는 기계이다.
586,제조업,기계기구·금속·비금속광물제품제조업,건설용금속제품제조업,카고 크레인,Cargo crane,크레인을 차량에 부착하여 사용되며/ 여러 단의 붐으로 이루어진 암(arm)이 작업높이에 따라 신장/신축을 하여 작업한다. 암 종류에 따라 직진/ 관절/ 고정식이 있으며 인양 능력에 따라 종류가 달라진다.
587,제조업,섬유및섬유제품제조업,의복및장신품등의제조업,카드기,Card machine,섬유로 구성되는 시트를 만드는 기계이다.
588,제조업,전기기계기구·정밀기구·전자제품제조업,통신기계기구또는이에관련한기계기구제조업,카드펀칭기,Card punching machine,카드시트를 삽입하여 일정한 크기로 펀칭해주는 기계이다.
589,제조업,화학및고무제품제조업,기타화학제품제조업,카렌더,Calender,각종 필름/ 시트/ 벽지 및 고무시트/ 장판 등의 고무플라스틱 2차 가공품 제조를 위한 기계이다.
590,운수·창고및통신업,철도·항공·창고·운수관련서비스업,육상화물취급업,카캐리어,Car carrier,자동차를 실어 운전하는 자동차 운반 전용 자동차이다.
591,기타의사업,부동산업및임대업,임대업,카트,Cart,카트란 짐을 태워 운반 이동하기 위한 차륜이 붙은 받침대를 말한다. 소화물 등을 운반할 경우에 사용하는 손잡이가 붙어 있다.
592,운수·창고및통신업,육상및수상운수업,자동차에의한여객운수업,캠핑 트레일러,Camping trailer,레져용으로 캠핑을 위해 제작된 트레일러이다.
593,제조업,기계기구·금속·비금속광물제품제조업,철강또는비철금속주물제조업,커터기(전단기),Shearing machine,커터기는 유압을 동력으로 이용하는 기계로써/ 재료에 힘을 가해서 소성 변형시켜 일정 부분을 전단하는 기계이다. 비교적 큰 힘으로 절단하므로 수작업에 비해 짧은 시간에 대량 생산이 가능하다.
594,기타의사업,부동산업및임대업,임대업,커터칼,Utility knife,커터칼은 종이 등을 자를 때 사용하는 칼의 일종으로/ 긴 칼집에 칼날이 들어 있어/ 긴 칼날의 일부를 꺾어 잘라냄으로써 계속 사용할 수 있도록 만든 것이다.
595,제조업,기계기구·금속·비금속광물제품제조업,건설용금속제품제조업,커팅 프레스,Cutting press,커팅프레스는 유압에 의하여 작동되는 실린더를 이용하는 기계로써/ 위에서 아래로 누르는 힘으로 여러 가지 금속 소재를 자르는 기계이다. 순간적인 충격으로 칼날에 의하여 금속이 절단되므로 금속 부피의 변화가 없는 특징이 있다.
596,제조업,기계기구·금속·비금속광물제품제조업,일반산업용기계장치제조업,커팅기,Cutter,커팅기는 플라즈마를 이용하여 철판을 자르는 설비로써/ 재료를 정해진 치수에 따라 절단하는 기계이다.
597,기타의사업,부동산업및임대업,부동산업,커피포트,Coffeepot,전열기를 이용해서 물을 끓이는 기계이다.
598,운수·창고및통신업,육상및수상운수업,특수화물운수업,컨테이너 트레일러,Container trailer,콘테이너 운송을 위해 제작된 트레일러로써/ 전 후단에 콘테이너 고정장치가 부착되어 있으며/ 20피트(feet)용 40피트용 등 여러 종류가 있다. 
599,기타의사업,전문·보건·교육·여가관련서비스업,교육서비스업,컵 회수카트,Cup recovery cart,급식소 식당에서 사용하는 물컵을 회수하여 세척장까지 운반하는 기구이다.
600,제조업,기계기구·금속·비금속광물제품제조업,각종금속의용접또는용단을행하는사업,코너 절단기,Corner cutter,코너절단기는 절곡하기 위한 금속판재의 코너부분을 절단할 때 사용하는 전용기계이다.
601,제조업,기계기구·금속·비금속광물제품제조업,석재및석공품제조업,코드 릴,Cord reel,코드 릴은 전기기계기구에 전원 공급을 위해 콘센트에 연결할 때 전선이 짧은 경우 연결해서 사용하기 위해 제작된 이동식 기구이다.
602,제조업,전기기계기구·정밀기구·전자제품제조업,일상생활용전기기계기구제조업,코아스프링 정렬기,Core spring arrangement machine,공압을 이용해서 상부 지그가 하강하면서 코아 내의 스프링을 정렬해주는 기계이다.
603,제조업,목재및종이제품제조업,골판지및종이용기제조업,코팅기,Coating machine,코팅기는 자판기용 컵/ 음료용 컵/ 라면 및 아이스크림용기 등으로 쓰기 위해 종이에 코팅을 하는 기계로써/ 코팅을 통해 종이제품을 일회용 식기로 사용할 수 있게 해 준다.
604,제조업,기계기구·금속·비금속광물제품제조업,철근콘크리트제품제조업,콘크리트 강도시험기,Concrete strength tester,콘크리트의 압축강도를 시험하는 계측 기기이다.
605,건설업,건설업,기계장치공사,콘크리트 뱃칭플랜트,Concrete batching plant,저장부에서 시멘트/ 자갈/ 모래/ 물/ 혼합재 등을 계량기에 의해 소정의 배합 비율로  신속 정확하게 계량하여 혼합장치에 공급하면서 여기서 믹서로 균일한 고능률로 혼합하여 아직 굳지 않은 상태의 생 콘크리트를 대량으로 생산하는 설비이다.
606,건설업,건설업,건설기계관리사업,콘크리트 펌프카,Concrete pump truck,혼합한 콘크리트를 2층·3층 등으로 파이프를 통해서 직접 소요되는 곳에 공급하는 기계차이다.
607,건설업,건설업,건설기계관리사업,콘크리트 피니셔,Concrete finisher,콘크리트 표면을 평탄하고 균일하게 다듬는 기계이다.
608,제조업,기계기구·금속·비금속광물제품제조업,철근콘크리트제품제조업,콘크리트 혼합기,Concrete mixer,시멘트/ 모래/ 자갈/ 물 따위를 동력으로 회전하는 반죽 통에서 골고루 섞어 콘크리트를 만드는 기계이다.
609,운수·창고및통신업,육상및수상운수업,자동차에의한여객운수업,콜밴,Call ban,택시보다 많은 인원을 수용하여 사람들을 원하는 장소까지 운반해주는 승합자동차이다.
610,농업,농업,양잠업,콤바인,Combine,농토 위를 주행하면서 벼·보리·밀·목초종자(牧草種子) 등을 동시에 탈곡 및 선별작업을 하는 수확기계이다.
611,운수·창고및통신업,철도·항공·창고·운수관련서비스업,항만내의육상하역업,크롤러 크레인,Crawler crane,하부 주행부에 크롤러 벨트를 사용한 자주식 크레인으로서 쇼벨계 굴삭기의 한 형식/ 구성은 크레인 붐에 훅/ 와이어로프 등을 장치한 크레인이다.
612,임업,임업,벌목업,타워야더,Tower yarder,철재로 만든 기둥(Tower)과 가선집재 장치인 윈치를 임내차/ 트랙터/ 트럭 등에 탑재 또는 부착하여 가선집재 시스템이 가능하도록 구성된 임업기계이다.
613,제조업,선박건조및수리업,강선건조또는수리업,타워크레인,Tower crane,타워크레인은 전기를 동력으로 이용하는 기계로써/ 탑처럼 생긴 마스트 위에 메인 지브를 올린 고정식 크레인으로/ 항만 하역용이나 고층 건축용으로 발달하여 조선소의 선대(船臺)와 안벽(岸壁) 등에 설치된다.
614,제조업,식료품제조업,빵및과자류제조업,타이끈 결속기,Tie-string binding machine,타이끈을 자동으로 결속해주는 기계이다.
615,운수·창고및통신업,육상및수상운수업,택시및경차량운수업,타이어 탈착기,Tire changer,타이어의 교환 및 펑크수리를 위하여 타이어와 휠을 분리하거나 결합하는 기계장치이다.
616,제조업,목재및종이제품제조업,목재가구제조업,탁상 원형톱,Brench circular saw,지름이 300∼400mm의 둥근톱에 전기모터를 연결하고/ 고속으로 회전시켜서 목재를 직선으로 자르기 위한 기계이다.
617,제조업,기계기구·금속·비금속광물제품제조업,기타금속제품제조업또는금속가공업,탁상용 드릴링 머신,Bench drilling machine,탁상드릴은 전기모터를 이용하여 가공물에 구멍을 뚫는 기계로/ 드릴 날을 교체하면 어떤 가공물이든 작업이 가능하고 수작업에 가까워 대량 생산보다는 정밀도가 필요한 구멍 가공에 적합한 기계이다.
618,제조업,기계기구·금속·비금속광물제품제조업,기타금속제품제조업또는금속가공업,탁상용 선반,Tabletop lathe,탁상선반은 전기모터를 이용하여 가공물을 회전시키며 공구대의 이동이나 주축의 회전/ 공구의 교환/ 절삭유의 입출 등을 수동으로 조작하는 선반으로/ 다루기가 어렵다는 단점이 있으나 정밀한 수작업이 가능한 선반기계이다.
619,운수·창고및통신업,육상및수상운수업,택시및경차량운수업,탁상용 연삭기,Desk top grinder,동력에 의해 회전하는 연삭숫돌을 사용하여 금속 등의 공작물의 면을 절삭하는 기계이다.
620,농업,농업,양잠업,탈곡기,Threshing machine,벼/ 보리를 비롯한 각종 곡물의 줄기에서 곡립이나 이삭을 탈곡하는 기계이다.
621,제조업,섬유및섬유제품제조업,표백및염색가공업,탈수기,Dehydrator,염색된 모직물의 수분은 원심력을 이용해 제거하는 기계이다.
622,제조업,기계기구·금속·비금속광물제품제조업,금속가공기계제조업,태핑기,Tapping machine,태핑기란 암나사를 깎는 기계로써/ 가공물을 투입하여 설정된 치수와 구경에 맞게 자동으로 만들어지기 때문에 수작업에 비해 균일한 품질로 가공할 수 있다는 장점이 있다.
623,운수·창고및통신업,육상및수상운수업,택시및경차량운수업,택시,Taxi,요금을 받고 손님이 원하는 곳까지 태워다 주는 영업용 승용차이다.
624,제조업,화학및고무제품제조업,기타화학제품제조업,탱크로리,Tank-lorry,액상의 폐기물은 운반하는 탱크로리이다.
625,제조업,기계기구·금속·비금속광물제품제조업,원동기제조업,터닝 M/C,Turning machine,가공할 소재를 척에 고정 회전하면서 외ㆍ내경 가공 및 평면가공을 하는데 사용되는 정밀기계이다.
626,제조업,기계기구·금속·비금속광물제품제조업,원동기제조업,터닝 로울러,Turning roller,원형의 구조물을 일정하게 회전을 시키면서 용접하기 위해 사용하는 기계이다.
627,제조업,기계기구·금속·비금속광물제품제조업,건설기계또는광산기계및설비품제조업,터닝선반,Turning lathe,회전하는 테이블에 중량물을 올려놓고 절삭하는 기계기구이다.
628,제조업,전기기계기구·정밀기구·전자제품제조업,기타전기기계기구제조업,턴테이블,Turn table,PVC 파이프를 풀어주기 위해 적재하는 테이블이다.
629,제조업,기계기구·금속·비금속광물제품제조업,건설기계또는광산기계및설비품제조업,턴테이블 용접기,Turn-table welding machine,용접소재를 180도 회전하는 작업대 위에 올려놓고 아크 용접하는 기계 설비이다.
630,제조업,기계기구·금속·비금속광물제품제조업,자동차제조업,테이블리프트,Table-lift,테이블리프트는 동력을 이용하여 상하로 움직이는 운반구로/ 화물을 운반할 수 있는 설비 또는 이와 유사한 구조 및 성능을 가진 리프트 중/ 운반구의 형태가 테이블 모양인 리프트를 말한다.
631,제조업,섬유및섬유제품제조업,표백및염색가공업,텐타기,Tenter machine,탈수된 직물의 양쪽 변사부분을 핀으로 물려서 일정한 폭으로 수축 또는 폭출하면서 건조 및 각종 유연 등 조제를 침투시켜 기능성을 부여하는 기계이다.
632,제조업,목재및종이제품제조업,골판지및종이용기제조업,톰슨기계,Thomson machine,톰슨기계란 평면 프레스의 일종으로/ 정밀한 전자부품이나 스티커 인쇄/ PVC인쇄를 타공하는 기계를 말한다.
633,운수·창고및통신업,철도·항공·창고·운수관련서비스업,항만내의육상하역업,톱 핸들러,Top handler,카운터 밸런스형의 일종으로 컨테이너 모서리쇠를 잡는 스프레더(SPREADER) 또는 체결고리가 달린 팔과 마스트를 갖추고 컨테이너를 하역하는데 사용하는 기계이다.
634,제조업,목재및종이제품제조업,기타목재및목제품제조업,톱테이블 막 재단기,Top-table circular saw,톱테이블 막 재단기는 전기를 동력으로 하는 기계로써/ 지름이 300∼400mm의 둥근톱에 전동기를 연결하고/ 고속으로 회전시켜서 목재를 직선으로 자르기 위한 장비이다. 롤컨베이어의 목재가이드를 조정하여 작업자가 원하는 길이의 목재를 연속적으로 자를 수 있다.
635,제조업,섬유및섬유제품제조업,직물업,통경기,Drawing machine,정경작업이 완료된 제직용 빔에 감겨진 원사를 한 올씩 끌어내어 바디/ 종강/ 드로퍼에 통경기구를 사용하여 수작업으로 경사를 꿰어주는 기계
636,기타의사업,기타의각종사업,각급사무소,통근용 버스,Commuter bus,많은 사람을 한꺼번에 수송하기 위한 출·퇴근용 자동차이다.
637,광업,석탄광업및채석업,무연탄광업,통기용 선풍기,Ventilation fan,회전축에 붙은 날개를 전동기로 돌려 바람을 일으켜 통기를 시키는 기계장치이다.
638,금융및보험업,금융및보험업,금융업,통합단말기,Intergrated terminal machine,통합단말기는 입ㆍ출금 내역 정리 등을 전산으로 처리하여 주는 기계이다.
639,기타의사업,도소매·음식·숙박업,음식및숙박업,튀김기,Fryer,튀김기란 식재료를 기름을 이용하여 튀김조리를 할 수 있게 해 주는 기계로써/ 재료를 튀기는 과정에서 발생하는 수분을 감소시켜 제품의 품질을 높이는 한편/ 단시간에 대량의 식재료를 간편한 조작으로 조리할 수 있는 기계이다.
640,임업,임업,영림업,트랙터 견인형 타워야더,Tractor tower yarder,타워가 부착된 집재기로 원동기/ 동력전달장치/ 드럼 등을 갖추고 와이어로프를 이용하여 임내에 산재한 벌도목을 모으는 기계이다.
641,임업,임업,벌목업,트랙터 부착형 타워야더,Mobile tower yarder with tr,타워가 부착된 집재기로 원동기/ 동력전달장치/ 드럼 등을 갖추고 와이어로프를 이용하여 임내에 산재한 벌도목을 모으는 기계이다.
642,임업,임업,벌목업,트랙터 집재기,Tractor yarder,집재기를 부착하여 원목을 지면으로 끌어모아 집재판에 매달고 작업로 또는 임도를 주행하는 기계이다.
643,임업,임업,영림업,트랙펠러번처,Track feller buncher,벌목현장에서 벌목된 원목을 가지치기 후/ 한곳에 집적할 수 있는 소집재 기능을 가지고 있는 기계이다.
644,운수·창고및통신업,철도·항공·창고·운수관련서비스업,항만내의육상하역업,트랜스포터,Transporter,육중한 선박의 블록과 선실(Deck House)/ 엔진/ 대형 배관설비 등을 운송하는 차량기계이다.
645,운수·창고및통신업,철도·항공·창고·운수관련서비스업,항만내의육상하역업,트럭 크레인,Truck crane,하부 주행부에 타이어를 사용한 일반적으로 하부 주행부 및 상부 선회체에 각각 운전석이 있는 자주식 크레인이다.
646,농업,농업,양잠업,트렉터,Tractor,로터리/ 쟁기/ 비료살포기/ 농약분무기/ 벼집단을 자동으로 묶는 기계/ 집게/ 로우더/ 트레일러 등을 장착하여 사용하는 농기계이다.
647,운수·창고및통신업,통신업,통신업,특장차,Special vehicle,소량의 짐을 실어 운반하는 차량이다.
648,운수·창고및통신업,철도·항공·창고·운수관련서비스업,육상화물취급업,파렛트 랙,Pallet rack,파렛트 단위로 규격화 된 화물을 보관하는데 있어 경제성과 작업성을 겸비한 완전 조립식 구조로 된 랙 시스템이다.
649,운수·창고및통신업,통신업,통신업,파속기,Strapping machine,동일한 우편물을 묶을 때 사용하는 포장기계이다.
650,제조업,화학및고무제품제조업,기타화학제품제조업,파쇄기,Crusher,나무/ 플라스틱 등과 같은 고체의 입자를 작게 만드는 기계이다.
651,제조업,기계기구·금속·비금속광물제품제조업,각종시멘트제품제조업,파쇄기(골재),Aggregate breaker,자갈이나 모래 등을 콘크리트나 모르타르 형태로 가는 기계이다.
652,제조업,기계기구·금속·비금속광물제품제조업,자동차제조업,파워프레스,Power press,파워 프레스는 압축 가공기계의 한 가지로 재료에 기계적인 힘을 가해서 소성ㆍ변형 시켜 굽힘·전단·단면수축 등의 가공을 하는 기계이다. 
653,제조업,식료품제조업,빵및과자류제조업,파이 롤러기,Pie roller,밀가루 반죽을 밀어 일정한 두께의 판으로 만들어 주는 기계이다.
654,제조업,화학및고무제품제조업,합성수지제조업,파이프 가공기,Pipe processing machine,파이프 가공기는 전기모터를 이용하는 기계로써/ 파이프 소재를 클램프에 고정한 후 회전하는 3개의 성형 롤러를 전/후진시켜 파이프 외부 형상을 성형하는 기계이다. 
655,제조업,기계기구·금속·비금속광물제품제조업,자동차부분품제조업,파이프 벤딩기,Pipe bending machine,자동차에 들어가는 파이프 관을 규격과 각도에 맞게 성형하는 유압기계이다.
656,제조업,기계기구·금속·비금속광물제품제조업,각종금속의용접또는용단을행하는사업,파이프 절단기,Pipe cutter,파이프 절단기는 쇠파이프를 일정크기로 절단 가공하는 기계이다.
657,건설업,건설업,기계장치공사,파일컷팅기,Pile cutter,두부정리를 하기위해서 파일을 같은 높이로 컷팅하는 기계이다.
658,기타의사업,도소매·음식·숙박업,음식및숙박업,파절기,Green onion cutter,파절기란 전기 모터의 힘으로 회전하는 칼날을 통해 파를 채 써는 기계로서/ 사람이 써는 것보다 일정한 품질로 신속하게 할 수 있다는 장점이 있다.
659,제조업,기계기구·금속·비금속광물제품제조업,각종기계또는동부속품제조업,판넬 압연기,Panel rolling mill,판넬 압연기는 금속의 소성을 이용/ 전기모터에 의하여 구동되는 2개의 롤 사이로 금속을 통과시켜서 금속을 여러 가지 형태로 변형시키는 공작기계이다.
660,제조업,기계기구·금속·비금속광물제품제조업,일반산업용기계장치제조업,판재절곡기,Metallic plate folding machine,판재 절곡기는 유압에 의하여 구동되는 실린더를 이용하는 기계로써/ 금형사이에 철판을 투입 후 실린더로 압력을 가하여 철판을 소성 변형시켜 원하는 모양으로 철판을 구부리는 기계이다.
661,제조업,화학및고무제품제조업,합성수지제조업,팔레트,Pallet,파레트는 제품운반에 사용되는 도구로써/ 완성품 및 자재를 얹어놓거나 이동시에 얹어서 이동하는 구조물이다. 목재/ 철재/ 플라스틱 등의 재료로 만들어진다.
662,제조업,식료품제조업,빵및과자류제조업,퍼핑 머신,Puffing machine,곡물 조직의 밀도를 확장시켜 바삭하게 하는 기계이다.
663,제조업,기계기구·금속·비금속광물제품제조업,금속가공기계제조업,펀치프레스,Punch press,펀치프레스란 재료에 힘을 가해서 소성변형 시켜 굽힘·전단·단면수축 등의 가공을 하는 기계로써/ 다이(die)와 펀치(punch)로 필요한 모양을 따내는 따내기 가공을 주로 하는 기계이다.
664,제조업,출판·인쇄·제본또는인쇄물가공업,인쇄업,펀칭기,Punching machine,펀칭기는 전기를 동력으로 이용하는 기계로써/ 문서를 보관하기 위해 링제본을 하거나 바인더에 철을 하기 위해 종이에 구멍을 뚫는 기계이다.
665,제조업,식료품제조업,도정및제분업,펠렛 가공기,Pellet processing machine,동물 사료 원료를 만들기 위해 쌀겨를 뭉쳐서 알갱이로 제조하는 설비이다.
666,제조업,기계기구·금속·비금속광물제품제조업,금속가공기계제조업,평삭 밀링기,Planer type milling machine,평삭밀링기란 평면절삭용 공작기계로써/ 평삭기(平削機)·평삭반이라고도 한다. 아래쪽에 기다랗고 큰 베드가 있고 그 습동 홈에 따라 가공물을 고정해 놓은 테이블이 왕복운동을 하면서 작업하는 기계로서/ 셰이퍼 등으로는 절삭할 수 없는 큰 것의 절삭에 사용된다.
667,제조업,섬유및섬유제품제조업,직물업,평직기,Straightener,경사와 위사를 서로 교차하여 평직을 짜는 기계이다.
668,운수·창고및통신업,육상및수상운수업,특수화물운수업,평판 트레일러,Platform trailer,바닥이 평평하여 중량화물 및 대형화물 수송에 사용하는 트레일러이다.
669,제조업,기계기구·금속·비금속광물제품제조업,석재및석공품제조업,폐수처리시설,Wastewater treatment facility,석재재단 과정에서 발생되는 폐수 중에는 유독물질이나 유해물질이 대량으로 함유되는 경우가 많기 때문에 이것을 정화하거나 회수하는 장치이다.
670,기타의사업,시설관리및사업지원서비스업,위생및유사서비스업,폐품 분쇄기,Waste grinder,폐품을 톱날을 이용해 미세하게 분쇄하는 기계이다.
671,제조업,전기기계기구·정밀기구·전자제품제조업,통신기계기구또는이에관련한기계기구제조업,포밍기,Forming machine,어떤 형상을 만드는데 사용하는 기계이다.
672,임업,임업,벌목업,포워더,Forwarder,장착된 원목 그래플로 집재목을 적재하여 완경사지 임내나 작업도를 주행하며 임도변이나 토장까지 반출할 수 있는 차륜형 원목 운반차이다.
673,제조업,섬유및섬유제품제조업,기타섬유제품제조업,포장기,Packing machine,포장기는 전기를 동력으로 하는 기계로써/ 제품을 작업대에 놓고 포장재로 덮은 후 열 커터기로 절단하는 기계이다. 인력작업에 비해 대량의 제품을 신속하게 포장할 수 있다.
674,제조업,목재및종이제품제조업,기타목재및목제품제조업,포크리프트,Fork-lift,포크리프트는 내연기관을 동력으로 하는 기계로써/ 중량물을 싣거나 내리는 하역 전용의 특수 자동차이다. 앞쪽에 2단으로 신축하는 수직 마스트가 있어/ 이에 맞물린 좌우 2개의 포크를 하물 밑에 밀어 넣고/ 하물을 들어올리거나 내린다.
675,제조업,화학및고무제품제조업,기타화학제품제조업,폰드장,Pond place,액상 폐기물을 혼합하기 위해 투입하는 장소이다.
676,제조업,섬유및섬유제품제조업,표백및염색가공업,표백기,Bleaching machine,섬유류에 포함돼 있는 유색물질을 화학적으로 제거하고/ 섬유의 상함 없이 순백효과를 내는 기계이다. 
677,제조업,전기기계기구·정밀기구·전자제품제조업,전자관또는반도체소자제조업,프레스 금형,Press metal mold,프레스 금형은 금속을 원하는 모양으로 찍어내기 위한 틀로써/ 프레스 기계 내부에 장착되어 재료를 압축하여 가공물을 생산하는 데 사용된다.
678,제조업,섬유및섬유제품제조업,의복및장신품등의제조업,프레스형 다리미,Press iron,바느질을 다 끝낸 옷의 주름을 잡거나 끝손질을 할 때 프레스처럼 누르면서 옷감을 다리는 기계 다리미.
679,제조업,화학및고무제품제조업,플라스틱가공제품제조업,플라스틱사출성형기,Plastic injection molder,플라스틱사출성형기는 가열로에 의하여 용융된 플라스틱 재료를 유압실린더를 이용하여 노즐을 통해 폐쇄된 거푸집 속에 밀어 넣고/ 냉각하여 플라스틱 제품을 만드는 기계로써/ 동일제품을 대량생산할 수 있다.
680,제조업,선박건조및수리업,강선건조또는수리업,플라즈마 절단기,Plasma cutting machine,플라즈마 절단기는 전기를 동력으로 이용하는 기계로써/ 에어와 전기를 이용하여 모든 금속을 신속하고 아주 간단히 절단하는 금속절단 장비이다. 높은 사용률과 절단능력 향상 및 노즐마모가 적은 장점이 있다.
681,제조업,기계기구·금속·비금속광물제품제조업,원동기제조업,플랜징머신,Flanging machine,판금(板金)의 가장자리를 굽혀서 테두리를 만드는 기계이다.
682,제조업,기계기구·금속·비금속광물제품제조업,제강압연업,피막처리기,Coating treatment machine,주물/ 단조된 철을 인산염 등을 이용하여 표면을 처리하는 기계이다.
683,기타의사업,전문·보건·교육·여가관련서비스업,오락·문화및운동관련사업,핀세터,Bowling pinsetter,회전바퀴에 핀이 하나씩 들어가게 홈이 파여서 상단부로 이송하게 하여 볼링핀을 세팅하는 기계장치이다.
684,제조업,화학및고무제품제조업,고무제품제조업,필터프레스,Filter press,유압을 동력으로 이용하는 기계로서/ 수십 장의 필터를 유압으로 단단히 고정시킨 후/ 걸러야 할 액체를 필터 속에 압입시켜/ 여과액은 필터를 통과해서 거름판 쪽으로 흐르고 찌꺼기는 필터에 걸러져 여과되도록 하는 기계이다.
685,임업,임업,벌목업,하베스터,Harvester,굴삭기나 하베스터 전용 베이스머신의 크레인 붐의 끝에 하베스터 헤드(Head)가 장착되어 벌도와 가지훑기 및 조재목 마름질/ 통나무자르기의 조재작업을 하나의 공정으로 수행할 수 있는 기계이다.
686,제조업,기계기구·금속·비금속광물제품제조업,각종시멘트제품제조업,하수처리기,Wastewater treatment machine,레미콘 믹스트럭이나 벌크시멘트 트레일러 등에 잔존해 있는 시멘트를 세척한 물의 처리와 잔여물을 처리하는 기계이다.
687,운수·창고및통신업,철도·항공·창고·운수관련서비스업,운수부대서비스업,하이패스,Hi-pass,고속도로 톨게이트를 통과할 때 요금이 자동 결제되는 시스템이다.
688,제조업,출판·인쇄·제본또는인쇄물가공업,인쇄업,합지기,Sheet laminator,합지기는 전기를 동력으로 이용하는 기계로써/ 프린트된 필름이나 종이에 접착테이프를 붙여서 스티커 형태로 합지하는 기계이다.
689,제조업,목재및종이제품제조업,기타목재및목제품제조업,합판 프레스,Plywood press,합판 프레스는 유압을 동력으로 하는 기계로써/ 원목을 얇게 오려낸 베니어에 접착제를 칠하여 섬유방향이 직교되도록 층층이 쌓아놓고 고온/ 고압으로 압착시키는 기기이다. 금속제조업의 프레스와 달리 고온의 핫프레스로 화상의 위험이 있다.
690,제조업,섬유및섬유제품제조업,표백및염색가공업,합포기,Adhesion machine,원단/ 종이/ 비닐/ 플라스틱 등을 일정한 압력을 줘서 포개는 기계이다.
691,기타의사업,전문·보건·교육·여가관련서비스업,보건및사회복지사업,핫팩저장고,Hot pack reservoir,물리치료용 핫팩을 저장하는 전기기계기구이다.
692,건설업,건설업,건설기계관리사업,항발기,Pile extractor,압축공기나 증기를 이용하여 말뚝을 뽑는 기계이다.
693,건설업,건설업,건설기계관리사업,항타기,Pile driver,기초공사용 기계의 하나로/ 말뚝 또는 널말뚝을 박는 기계와 그 부속장치이다.
694,제조업,기계기구·금속·비금속광물제품제조업,자동차제조업,핸드 크레인,Hand crane,핸드 크레인은 사람의 팔 모양을 본 따서 만들어진 지브 크레인으로 하물(荷物)을 들어 올려서 상하·좌우·전후로 운반하는 기계이다.
695,제조업,선박건조및수리업,강선건조또는수리업,핸드레일,Hand rail,핸드레일이란 층계나 다리 등의 가장자리에 세워 떨어지는 것을 막고 장식의 구실도 하는 금속제·목제·석제로 된 것을 말하며/ 계단에 세워지는 기둥과/ 상기 기둥에 결합되는 레일부로 구성되어 있다.
696,제조업,전기기계기구·정밀기구·전자제품제조업,기타전기기계기구제조업,핸드리프트,Hand lift,전동으로 운반물을 들어서 수동으로 이동하는데 사용하는 기계기구이다.
697,제조업,수제품및기타제품제조업,기타각종제조업,핸드믹서기,Hand mixer,전동공구에 믹싱 날을 연결하여 각종 재료를 혼합하여 주는 기계이다.
698,제조업,전기기계기구·정밀기구·전자제품제조업,기타전기기계기구제조업,핸드펌프,Hand pump,구멍을 뚫는 펀칭을 하거나 케이블을 절단할 때 사용되는 유압 수공구이다.
699,제조업,기계기구·금속·비금속광물제품제조업,제강압연업,행거타입쇼트기,Hanger type shot machine,주물 등 철재에 붙어 있는 산화철 등을 쇼트볼을 이용하여 표면을 연마하여 제거하는 기계장치이다.
700,제조업,섬유및섬유제품제조업,표백및염색가공업,행크염색기,Hank dyeing machine,타래(Hank) 상태의 원사를 염색하는 기계이다.
701,기타의사업,기타의각종사업,개인및가사서비스업,헤어 아이롱,Hair iron,아이언에 전류를 통하여 전열작용에 의해 머리털에 웨이브를 넣는 기구로써/ 소형의 트랜스가 달려 있어 열을 자유롭게 조정할 수 있다. 
702,기타의사업,전문·보건·교육·여가관련서비스업,오락·문화및운동관련사업,헬스싸이클,Health cycle bike,페달을 다리로 밟고(누르면서) 리듬을 타면서 지속적으로 움직이는 운동기구이다.
703,제조업,식료품제조업,도정및제분업,현미기,Rice huller machine,벼를 두 개의 롤러 사이에 넣고 왕겨와 현미로 분리하는 기계이다.
704,제조업,수제품및기타제품제조업,기타각종제조업,호닝기,Honing machine,호닝 숫돌을 붙여 일감에 가압하여 가공을 하게하는 기계로/ 보통 3개 이상의 숫돌을 등간격으로 배열하여 균일하게 반경방향으로 출입할 수 있는 구조로 되어 있는 기계이다.
705,제조업,기계기구·금속·비금속광물제품제조업,건설기계또는광산기계및설비품제조업,화물용 리프트,Freight lift,동력을 사용하여 가이드레일을 따라 상하로 움직이는 운반구를 매달아 화물을 운반할 수 있는 설비이다.
706,운수·창고및통신업,통신업,통신업,화물용 승강기,Freight elevator,건축물 기타 공작물에 부착되어 일정한 승강로를 통하여 화물을 운반하는 데 사용되는 시설이다.
707,기타의사업,부동산업및임대업,임대업,화물자동차,Truck,화물자동차란 각종 물자를 수송하는 것을 목적으로 하는 자동차로서/ 8톤 이상의 대형 화물자동차의 경우 1종 대형면허를 필요로 한다.
708,광업,석탄광업및채석업,무연탄광업,화약차,Gunpowder car,화약을 터널 및 지하구간까지 운반하는 철도차량이다.
709,기타의사업,시설관리및사업지원서비스업,건물등의종합관리사업,화장실 청소,Toilet cleaning,화장실 청소는 화장실을 깨끗하게 하기 위한 행위로/ 빗자루/ 걸레/ 대걸레/ 세제 등을 이용하여 수행하는 작업을 말한다.
710,제조업,식료품제조업,기타식료품제조업,환제조기,Pill making machine,분말 형태의 식료품이 노즐을 통과한 후 부말을 롤러가 물고 들어가 환 형태의 제품으로 제조하는 기계이다.
711,제조업,기계기구·금속·비금속광물제품제조업,석재및석공품제조업,활석기,Stone cutting machine,원형의 톱날을 이용해 석재를 판재하는 절단기계이다.
712,운수·창고및통신업,육상및수상운수업,특수화물운수업,활어차,Live fish transport,살아있는 물고기를 실어 운반하는 차량이다.
713,기타의사업,도소매·음식·숙박업,도소매및소비자용품수리업,회전문,Revolving door,서로 직각을 이루도록 십자형으로 장치한 4개의 문짝중심을 출입구의 중앙에 설치한 수직축 위에 고정하고/ 그것을 중심으로 회전시켜 출입하게 한다.
714,건설업,건설업,기계장치공사,휠 굴삭기(집게형),Wheel excavator,굴삭기는 토목/ 건축/ 건설 현장에서 땅을 파는 굴삭작업/ 토사를 운반하는 적재작업/ 건물을 해체하는 파쇄작업/ 지면을 정리하는 정지작업 등의 작업을 행하는 건설기계이다.
715,운수·창고및통신업,육상및수상운수업,택시및경차량운수업,휠 발란서,Wheel balancer,휠 발란스(휠에 타이어를 조립한 상태의 타이어의 평균상태)를 얻기(조정하는)위한 기기로 휠 발란스를 조정하지 않으면/ 핸들이 흔들리거나 자동차의 차체가 진동한다.
716,운수·창고및통신업,철도·항공·창고·운수관련서비스업,항만내의육상하역업,휠 크레인,Wheel crane,하부 주행의 주행부에 타이어를 사용한 자주식 크레인으로 일반적으로 한 개의 운전석과 원동기로 권상과 주행을 겸하며/ 시가지 주변의 공사나 항만에서의 하역작업에 많이 사용하는 크레인이다.
717,임업,임업,벌목업,휠스키더,Wheel skidder,벌목현장에서 벌목된 원목을 가지치기 후/ 한곳에 집적할 수 있는 소집재 기능을 가지고 있고/ 목재를 적재할 수 있는 기계이다.
718,기타의사업,전문·보건·교육·여가관련서비스업,보건및사회복지사업,휠체어,Wheelchairs,다리가 자유롭지 못한 사람이나 몸이 불편한 사람이 앉은 채로 이동할 수 있게 움직이는 바퀴를 단 의자이다.
719,기타의사업,도소매·음식·숙박업,도소매및소비자용품수리업,휠체어 리프트,Wheelchair lift,휠체어를 타고 리프트에 올라 계단을 오르내리는 장치이다.
720,임업,임업,영림업,휠펠러번처,Wheel feller buncher,벌목현장에서 벌목/ 가지치기/ 절단작업 등의 기능을 가지고 있고/ 벌목된 원목을 가지치기 후/ 한곳에 집적할 수 있는 소집재 기능을 가지고 있는 기계이다.
721,기타의사업,기타의각종사업,각급사무소,휴대용 가스렌지,Portable gas range,부탄가스를 원료로 사용해서 소규모로 밥을 짓거나 음식을 조리하는 장비이다.
722,제조업,기계기구·금속·비금속광물제품제조업,특수산업용기계제조업,휴대용 고속절단기,Portable high-speed cutting mach,전기모터를 동력으로 사용하여/ 원형의 절단석을 고속회전 시켜서 금속재료를 절단 하는 이동식 기계이다.
723,제조업,기계기구·금속·비금속광물제품제조업,자동차부분품제조업,휴대용 교류아크 용접기,Portable ac arc welder,교류를 사용하여 금속 전극(피복 용접용)과 모재와의 사이에서 아크를 내어 모재의 일부를 녹임과 동시에 전극봉 자체도 선단부터 녹아 떨어져 모재와 융합하여 용접하는 기계장치이다.
724,제조업,기계기구·금속·비금속광물제품제조업,석재및석공품제조업,휴대용 석재 절단기,Portable stone cutter,휴대용 석재 절단기는 전기모터를 이용하여 절단톱날을 고속으로 회전시켜 석재를 깎는 기계로 작업자가 직접 손으로 잡고 작업을 하여 정밀한 석재 연삭에 적합한 연삭기이다.
725,운수·창고및통신업,육상및수상운수업,택시및경차량운수업,휴대용 연삭기,Portable grinder,이동이 편리한 소형의 연삭기로 여러 모양의 숫돌차를 이용하여 좁은 부위의 평면·내면 등을 연삭할 수 있는 장점이 있다.
726,제조업,기계기구·금속·비금속광물제품제조업,각종기계또는동부속품제조업,휴대용 연삭기,Portable grinder,이동이 편리한 소형의 연삭기로 여러 모양의 숫돌차를 이용하여 좁은 부위의 평면·내면 등을 연삭할 수 있는 장점이 있다.
727,건설업,건설업,건축건설공사,휴대용 철근절단기,Portable rebar cutter,철근 절단기는 철근을 일정 길이 또는 원하는 길이로 절단 가공하는 휴대용기계이다.
728,제조업,기계기구·금속·비금속광물제품제조업,철근콘크리트제품제조업,흔들체,Vibrating sieve,체가 평면에서 앞뒤로 왕복 운동을 하는 기계 장치로 골재를 크기단위로 선별하는 기계기구이다.
729,제조업,전기기계기구·정밀기구·전자제품제조업,기타전기기계기구제조업,히팅기,Heating machine,전자부품을 전용용기에 담아서 예열하는 기계이다.
730,제조업,목재및종이제품제조업,골판지및종이용기제조업,히팅롤러기계,Heating roller,히팅롤러기계란 글자나 그림을 인쇄할 때 쓰는 토너에 고열을 가하여/ 종이에 토너를 압착시키는 역할을 하는 기계이다.
