번호,공사종류,공종명,세부공정명
1,아파트,기초파일작업,기초파일 자재·장비반입
2,아파트,기초파일작업,기초파일 천공
3,아파트,기초파일작업,기초 파일항타
4,아파트,기초파일작업,기초파일 두부정리
5,아파트,굴착작업,굴착 장비반입
6,아파트,굴착작업,굴착
7,아파트,굴착작업,굴착 토사반출
8,아파트,발파작업,발파 천공
9,아파트,발파작업,발파 장약
10,아파트,발파작업,발파
11,아파트,발파작업,발파 암처리
12,아파트,발파작업,발파 화약고 관리
13,아파트,흙막이지보공작업,흙막이지보공 자재반입
14,아파트,흙막이지보공작업,흙막이지보공 설치
15,아파트,흙막이지보공작업,흙막이지보공 해체
16,아파트,흙막이지보공작업,흙막이지보공 자재반출
17,아파트,되메움작업,토사반입 및 되메움 실시
18,아파트,되메움작업,되메움 토사 다짐
19,아파트,거푸집작업,거푸집 자재반입
20,아파트,거푸집작업,거푸집 동바리 조립
21,아파트,거푸집작업,거푸집 동바리 해체
22,아파트,거푸집작업,거푸집 동바리 인양
23,아파트,갱폼작업,갱폼 자재반입
24,아파트,갱폼작업,갱폼 조립
25,아파트,갱폼작업,갱폼 인양 설치
26,아파트,갱폼작업,갱폼 해체 반출
27,아파트,철근작업,철근반입
28,아파트,철근작업,철근가공 및 운반
29,아파트,철근작업,철근조립
30,아파트,콘크리트작업,콘크리트 반입
31,아파트,콘크리트작업,콘크리트타설
32,아파트,콘크리트작업,콘크리트양생
33,아파트,철골작업,철골 부재반입
34,아파트,철골작업,철골 인양
35,아파트,철골작업,철골 Deck Plate 설치
36,아파트,조적,미장 및 견출작업
37,아파트,조적,미장 및 견출작업
38,아파트,조적,미장 및 견출작업
39,아파트,방수작업,방수 면처리
40,아파트,석재 및 타일작업,석재 및 타일 자재반입
41,아파트,석재 및 타일작업,석재 및 타일 붙임
42,아파트,석재 및 타일작업,석재 및 타일 줄눈
43,아파트,도장작업,도장 면처리
44,아파트,도장작업,실내도장
45,아파트,도장작업,실외도장
46,아파트,금속 및 잡철물작업,금속 및 잡철물 자재반입
47,아파트,금속 및 잡철물작업,금속 및 잡철물 시공
48,아파트,창호 및 유리작업,창호 및 유리 자재반입
49,아파트,창호 및 유리작업,창호 및 유리 설치
50,아파트,수장작업,수장 자재반입
51,아파트,수장작업,수장시공(석고보드
52,아파트,전기설비작업,전기설비 자재반입
53,아파트,전기설비작업,전기설비 배선
54,아파트,전기설비작업,전기설비 설치
55,아파트,전기설비작업,전기 특고압선로
56,아파트,기계설비작업,기계설비 자재반입
57,아파트,기계설비작업,기계설비 설치
58,아파트,엘리베이터 설치작업,엘리베이터 기계설치
59,아파트,엘리베이터 설치작업,엘리베이터 승강구 조립
60,아파트,엘리베이터 설치작업,엘리베이터 가이드레일 설치
61,아파트,맨홀 및 관부설작업,맨홀 및 관부설 굴착
62,아파트,맨홀 및 관부설작업,맨홀 및 관부설
63,아파트,조경작업,조경부지정리
64,아파트,조경작업,조경시공 및 설치
65,아파트,부대토목작업,부대토목 옹벽시공
66,아파트,부대토목작업,부대토목 구내포장
67,아파트,가설도로작업,가설도로 벌목 및 표토제거
68,아파트,가설도로작업,가설도로 시공
69,아파트,지장물조사 및 이설작업,지장물 조사 굴착
70,아파트,지장물조사 및 이설작업,지장물 보호
71,아파트,지장물조사 및 이설작업,지장물 이설
72,아파트,지장물조사 및 이설작업,지장물 되메움
73,아파트,그라우팅작업,그라우팅 장비 및 자재반입
74,아파트,그라우팅작업,그라우팅 천공 및 시공
75,아파트,작업환경,작업환경 (조명)
76,아파트,작업환경,작업환경 (환기)
77,아파트,작업환경,작업환경 (분진)
78,아파트,작업환경,작업환경 (배수)
79,아파트,안전가시설작업,개구부
80,아파트,안전가시설작업,작업발판
81,아파트,안전가시설작업,비계
82,아파트,안전가시설작업,이동식 비계
83,아파트,안전가시설작업,달비계
84,아파트,안전가시설작업,달대비계
85,아파트,안전가시설작업,추락방지망
86,아파트,안전가시설작업,가설 경사로
87,아파트,안전가시설작업,가설통로 또는 가설계단
88,아파트,안전가시설작업,굴착선단부
89,아파트,안전가시설작업,이동식 사다리
90,아파트,안전가시설작업,철골 승강용트랩
91,아파트,안전가시설작업,경사지붕
92,아파트,안전가시설작업,리프트승강부 출입문
93,아파트,안전가시설작업,낙하물 방지망
94,아파트,안전가시설작업,방호선반
95,아파트,가설전기작업,수배전설비
96,아파트,가설전기작업,분전반
97,아파트,가설전기작업,전선
98,아파트,가설전기작업,충전부
99,아파트,가설전기작업,조명등
100,아파트,가설전기작업,교류아크 용접기
101,아파트,가설전기작업,이동석전기 기계기구
102,아파트,가설전기작업,접지
103,아파트,양중기작업,타워크레인
104,아파트,양중기작업,리프트
105,아파트,양중기작업,이동식 크레인
106,아파트,양중기작업,곤도라
107,아파트,양중기작업,윈치
108,아파트,양중기작업,특수 작업대
109,아파트,위험기계기구작업,목재가공용 둥급톱
110,아파트,위험기계기구작업,연삭기
111,아파트,위험기계기구작업,공기 압축기
112,아파트,위험기계기구작업,이동식 발전기
113,아파트,위험기계기구작업,철근절단기 및 절곡기
114,아파트,위험기계기구작업,그라우팅 장비
115,아파트,위험기계기구작업,몰탈 믹서기
116,아파트,위험기계기구작업,열풍기
117,빌딩,기초파일작업,기초파일 자재·장비반입
118,빌딩,기초파일작업,기초파일 천공
119,빌딩,기초파일작업,기초 파일항타
120,빌딩,기초파일작업,기초파일 두부정리
121,빌딩,굴착작업,굴착 장비반입
122,빌딩,굴착작업,굴착
123,빌딩,굴착작업,굴착 토사반출
124,빌딩,발파작업,발파 천공
125,빌딩,발파작업,발파 장약
126,빌딩,발파작업,발파
127,빌딩,발파작업,발파 암처리
128,빌딩,발파작업,발파 화약고 관리
129,빌딩,흙막이지보공작업,흙막이지보공 자재반입
130,빌딩,흙막이지보공작업,흙막이지보공 설치
131,빌딩,흙막이지보공작업,흙막이지보공 해체
132,빌딩,흙막이지보공작업,흙막이지보공 자재반출
133,빌딩,되메움작업,토사반입 및 되메움 실시
134,빌딩,되메움작업,되메움 토사 다짐
135,빌딩,거푸집작업,거푸집 자재반입
136,빌딩,거푸집작업,거푸집 동바리 조립
137,빌딩,거푸집작업,거푸집 동바리 해체
138,빌딩,거푸집작업,거푸집 동바리 인양
139,빌딩,철근작업,철근반입
140,빌딩,철근작업,철근가공 및 운반
141,빌딩,철근작업,철근조립
142,빌딩,콘크리트작업,콘크리트 반입
143,빌딩,콘크리트작업,콘크리트타설
144,빌딩,콘크리트작업,콘크리트양생
145,빌딩,철골작업,철골 부재반입
146,빌딩,철골작업,철골 인양
147,빌딩,철골작업,철골 Deck Plate 설치
148,빌딩,조적,미장 및 견출작업
149,빌딩,조적,미장 및 견출작업
150,빌딩,조적,미장 및 견출작업
151,빌딩,방수작업,방수 면처리
152,빌딩,석재 및 타일작업,석재 및 타일 자재반입
153,빌딩,석재 및 타일작업,석재 및 타일 붙임
154,빌딩,석재 및 타일작업,석재 및 타일 줄눈
155,빌딩,도장작업,도장 면처리
156,빌딩,도장작업,실내도장
157,빌딩,도장작업,실외도장
158,빌딩,금속 및 잡철물작업,금속 및 잡철물 자재반입
159,빌딩,금속 및 잡철물작업,금속 및 잡철물 시공
160,빌딩,창호 및 유리작업,창호 및 유리 자재반입
161,빌딩,창호 및 유리작업,창호 및 유리 설치
162,빌딩,수장작업,수장 자재반입
163,빌딩,수장작업,수장시공(석고보드
164,빌딩,판넬 등 외부마감작업,판넬 등 외부마감 자재반입
165,빌딩,판넬 등 외부마감작업,판넬 등 외부마감 시공
166,빌딩,전기설비작업,전기설비 자재반입
167,빌딩,전기설비작업,전기설비 배선
168,빌딩,전기설비작업,전기설비 설치
169,빌딩,전기설비작업,전기 특고압선로
170,빌딩,기계설비작업,기계설비 자재반입
171,빌딩,기계설비작업,기계설비 설치
172,빌딩,엘리베이터 설치작업,엘리베이터 기계설치
173,빌딩,엘리베이터 설치작업,엘리베이터 승강구 조립
174,빌딩,엘리베이터 설치작업,엘리베이터 가이드레일 설치
175,빌딩,맨홀 및 관부설작업,맨홀 및 관부설 굴착
176,빌딩,맨홀 및 관부설작업,맨홀 및 관부설
177,빌딩,조경작업,조경부지정리
178,빌딩,조경작업,조경시공 및 설치
179,빌딩,부대토목작업,부대토목 옹벽시공
180,빌딩,부대토목작업,부대토목 구내포장
181,빌딩,지장물조사 및 이설작업,지장물 조사 굴착
182,빌딩,지장물조사 및 이설작업,지장물 보호
183,빌딩,지장물조사 및 이설작업,지장물 이설
184,빌딩,지장물조사 및 이설작업,지장물 되메움
185,빌딩,그라우팅작업,그라우팅 장비 및 자재반입
186,빌딩,그라우팅작업,그라우팅 천공 및 시공
187,빌딩,작업환경,작업환경 (조명)
188,빌딩,작업환경,작업환경 (환기)
189,빌딩,작업환경,작업환경 (분진)
190,빌딩,작업환경,작업환경 (배수)
191,빌딩,안전가시설작업,개구부
192,빌딩,안전가시설작업,작업발판
193,빌딩,안전가시설작업,비계
194,빌딩,안전가시설작업,이동식 비계
195,빌딩,안전가시설작업,달비계
196,빌딩,안전가시설작업,달대비계
197,빌딩,안전가시설작업,추락방지망
198,빌딩,안전가시설작업,가설 경사로
199,빌딩,안전가시설작업,가설통로 또는 가설계단
200,빌딩,안전가시설작업,굴착선단부
201,빌딩,안전가시설작업,이동식 사다리
202,빌딩,안전가시설작업,철골 승강용트랩
203,빌딩,안전가시설작업,경사지붕
204,빌딩,안전가시설작업,리프트승강부 출입문
205,빌딩,안전가시설작업,낙하물 방지망
206,빌딩,안전가시설작업,방호선반
207,빌딩,가설전기작업,수배전설비
208,빌딩,가설전기작업,분전반
209,빌딩,가설전기작업,전선
210,빌딩,가설전기작업,충전부
211,빌딩,가설전기작업,조명등
212,빌딩,가설전기작업,교류아크 용접기
213,빌딩,가설전기작업,이동석전기 기계기구
214,빌딩,가설전기작업,접지
215,빌딩,양중기작업,타워크레인
216,빌딩,양중기작업,리프트
217,빌딩,양중기작업,이동식 크레인
218,빌딩,양중기작업,곤도라
219,빌딩,양중기작업,윈치
220,빌딩,양중기작업,특수 작업대
221,빌딩,위험기계기구작업,목재가공용 둥급톱
222,빌딩,위험기계기구작업,연삭기
223,빌딩,위험기계기구작업,공기 압축기
224,빌딩,위험기계기구작업,이동식 발전기
225,빌딩,위험기계기구작업,철근절단기 및 절곡기
226,빌딩,위험기계기구작업,그라우팅 장비
227,빌딩,위험기계기구작업,몰탈 믹서기
228,빌딩,위험기계기구작업,열풍기
229,교량 및 도로,기초파일작업,기초파일 자재·장비반입
230,교량 및 도로,기초파일작업,기초파일 천공
231,교량 및 도로,기초파일작업,기초 파일항타
232,교량 및 도로,기초파일작업,기초파일 두부정리
233,교량 및 도로,굴착작업,굴착 장비반입
234,교량 및 도로,굴착작업,굴착
235,교량 및 도로,굴착작업,굴착 토사반출
236,교량 및 도로,발파작업,발파 천공
237,교량 및 도로,발파작업,발파 장약
238,교량 및 도로,발파작업,발파
239,교량 및 도로,발파작업,발파 암처리
240,교량 및 도로,발파작업,발파 화약고 관리
241,교량 및 도로,흙막이지보공작업,흙막이지보공 자재반입
242,교량 및 도로,흙막이지보공작업,흙막이지보공 설치
243,교량 및 도로,흙막이지보공작업,흙막이지보공 해체
244,교량 및 도로,흙막이지보공작업,흙막이지보공 자재반출
245,교량 및 도로,되메움작업,토사반입 및 되메움 실시
246,교량 및 도로,되메움작업,되메움 토사 다짐
247,교량 및 도로,거푸집작업,거푸집 자재반입
248,교량 및 도로,거푸집작업,거푸집 동바리 조립
249,교량 및 도로,거푸집작업,거푸집 동바리 해체
250,교량 및 도로,거푸집작업,거푸집 동바리 인양
251,교량 및 도로,철근작업,철근반입
252,교량 및 도로,철근작업,철근가공 및 운반
253,교량 및 도로,철근작업,철근조립
254,교량 및 도로,콘크리트작업,콘크리트 반입
255,교량 및 도로,콘크리트작업,콘크리트타설
256,교량 및 도로,콘크리트작업,콘크리트양생
257,교량 및 도로,부대토목작업,부대토목 옹벽시공
258,교량 및 도로,부대토목작업,부대토목 구내포장
259,교량 및 도로,가설도로작업,가설도로 벌목 및 표토제거
260,교량 및 도로,가설도로작업,가설도로 시공
261,교량 및 도로,지장물조사 및 이설작업,지장물 조사 굴착
262,교량 및 도로,지장물조사 및 이설작업,지장물 보호
263,교량 및 도로,지장물조사 및 이설작업,지장물 이설
264,교량 및 도로,지장물조사 및 이설작업,지장물 되메움
265,교량 및 도로,제작장설치작업,제작장 부지조성
266,교량 및 도로,제작장설치작업,제작장 설치
267,교량 및 도로,슬립폼작업,슬립폼(슬라이딩 폼) 제작
268,교량 및 도로,슬립폼작업,슬립 폼(슬라이딩 폼) 인양
269,교량 및 도로,슬립폼작업,슬립 폼(슬라이딩 폼) 해체
270,교량 및 도로,케이슨작업,케이슨 제작
271,교량 및 도로,케이슨작업,케이슨운반 및 거치
272,교량 및 도로,케이슨작업,케이슨 내 속체움
273,교량 및 도로,강교설치작업,강교 부재반입
274,교량 및 도로,강교설치작업,강교 부재 운반
275,교량 및 도로,강교설치작업,강교 부재 조립
276,교량 및 도로,강교설치작업,강교 슬라브 시공
277,교량 및 도로,PSC교량작업,PSC 교량 거더 제작
278,교량 및 도로,PSC교량작업,PSC 교량 거더 인양 및 상차
279,교량 및 도로,PSC교량작업,PSC 교량 거더 운반
280,교량 및 도로,PSC교량작업,PSC 교량 거더 인양 및 거치
281,교량 및 도로,PSC교량작업,PSC 교량 Cross Beam설치
282,교량 및 도로,PSC교량작업,PSC 교량 슬라브 시공
283,교량 및 도로,포장작업,포장 장비 반입
284,교량 및 도로,포장작업,포장시공
285,교량 및 도로,포설 및 다짐작업,포설 및 다짐
286,교량 및 도로,특수교량작업,특수교량(FCM공법)
287,교량 및 도로,특수교량작업,특수교량(MSS 공법)
288,교량 및 도로,특수교량작업,특수교량(ILM공법)
289,교량 및 도로,특수교량작업,특수교량(사장교)
290,교량 및 도로,특수교량작업,특수교량(현수교)
291,교량 및 도로,가체절작업,가체절(물막이) 장비 반입
292,교량 및 도로,가체절작업,가체절(물막이) 흙막이 시공
293,교량 및 도로,가설플랜트작업,가설플랜트 (콘크리트 Batch Plant)
294,교량 및 도로,가설플랜트작업,가설플랜트 (숏크리트)
295,교량 및 도로,가설플랜트작업,가설플랜트 (크라샤 Plant)
296,교량 및 도로,작업환경,작업환경 (조명)
297,교량 및 도로,작업환경,작업환경 (환기)
298,교량 및 도로,작업환경,작업환경 (분진)
299,교량 및 도로,작업환경,작업환경 (배수)
300,교량 및 도로,안전가시설작업,개구부
301,교량 및 도로,안전가시설작업,작업발판
302,교량 및 도로,안전가시설작업,비계
303,교량 및 도로,안전가시설작업,이동식 비계
304,교량 및 도로,안전가시설작업,달비계
305,교량 및 도로,안전가시설작업,달대비계
306,교량 및 도로,안전가시설작업,추락방지망
307,교량 및 도로,안전가시설작업,가설 경사로
308,교량 및 도로,안전가시설작업,가설통로 또는 가설계단
309,교량 및 도로,안전가시설작업,굴착선단부
310,교량 및 도로,안전가시설작업,이동식 사다리
311,교량 및 도로,안전가시설작업,철골 승강용트랩
312,교량 및 도로,안전가시설작업,경사지붕
313,교량 및 도로,안전가시설작업,리프트승강부 출입문
314,교량 및 도로,안전가시설작업,낙하물 방지망
315,교량 및 도로,안전가시설작업,방호선반
316,교량 및 도로,가설전기작업,수배전설비
317,교량 및 도로,가설전기작업,분전반
318,교량 및 도로,가설전기작업,전선
319,교량 및 도로,가설전기작업,충전부
320,교량 및 도로,가설전기작업,조명등
321,교량 및 도로,가설전기작업,교류아크 용접기
322,교량 및 도로,가설전기작업,이동석전기 기계기구
323,교량 및 도로,가설전기작업,접지
324,교량 및 도로,양중기작업,타워크레인
325,교량 및 도로,양중기작업,리프트
326,교량 및 도로,양중기작업,이동식 크레인
327,교량 및 도로,양중기작업,곤도라
328,교량 및 도로,양중기작업,윈치
329,교량 및 도로,양중기작업,특수 작업대
330,교량 및 도로,위험기계기구작업,목재가공용 둥급톱
331,교량 및 도로,위험기계기구작업,연삭기
332,교량 및 도로,위험기계기구작업,공기 압축기
333,교량 및 도로,위험기계기구작업,이동식 발전기
334,교량 및 도로,위험기계기구작업,철근절단기 및 절곡기
335,교량 및 도로,위험기계기구작업,그라우팅 장비
336,교량 및 도로,위험기계기구작업,몰탈 믹서기
337,교량 및 도로,위험기계기구작업,열풍기
338,터널,굴착작업,굴착 장비반입
339,터널,굴착작업,굴착
340,터널,굴착작업,굴착 토사반출
341,터널,발파작업,발파 천공
342,터널,발파작업,발파 장약
343,터널,발파작업,발파
344,터널,발파작업,발파 암처리
345,터널,발파작업,발파 화약고 관리
346,터널,라이닝거푸집작업,라이닝 거푸집 자재반입
347,터널,라이닝거푸집작업,라이닝거푸집 설치
348,터널,라이닝거푸집작업,라이닝거푸집 해체
349,터널,철근작업,철근반입
350,터널,철근작업,철근가공 및 운반
351,터널,철근작업,철근조립
352,터널,콘크리트작업,콘크리트 반입
353,터널,콘크리트작업,콘크리트타설
354,터널,콘크리트작업,콘크리트양생
355,터널,부대토목작업,부대토목 옹벽시공
356,터널,부대토목작업,부대토목 구내포장
357,터널,가설도로작업,가설도로 벌목 및 표토제거
358,터널,가설도로작업,가설도로 시공
359,터널,수직구작업,수직구 보강
360,터널,수직구작업,수직구 굴착
361,터널,수직구작업,수직구 토사반출
362,터널,수직구작업,수직구 흙막이지보공 시공
363,터널,갱구부작업,갱구부 벌목 및 표토제거
364,터널,갱구부작업,갱구부 보강
365,터널,터널굴착작업,터널 천공
366,터널,터널굴착작업,터널 장약
367,터널,터널굴착작업,터널 발파
368,터널,터널굴착작업,터널 버럭처리
369,터널,터널보강작업,터널 강지보
370,터널,터널보강작업,터널 숏크리트
371,터널,터널보강작업,터널 락볼트
372,터널,터널보강작업,터널 특수보강
373,터널,터널방수작업,터널 방수쉬트설치
374,터널,터널배수작업,터널배수
375,터널,특수터널작업,특수터널 (TBM공법)
376,터널,특수터널작업,특수터널 (Shield 공법)
377,터널,그라우팅작업,그라우팅 장비 및 자재반입
378,터널,그라우팅작업,그라우팅 천공 및 시공
379,터널,가설플랜트작업,가설플랜트 (콘크리트 Batch Plant)
380,터널,가설플랜트작업,가설플랜트 (숏크리트)
381,터널,가설플랜트작업,가설플랜트 (크라샤 Plant)
382,터널,작업환경,작업환경 (조명)
383,터널,작업환경,작업환경 (환기)
384,터널,작업환경,작업환경 (분진)
385,터널,작업환경,작업환경 (배수)
386,터널,안전가시설작업,개구부
387,터널,안전가시설작업,작업발판
388,터널,안전가시설작업,비계
389,터널,안전가시설작업,이동식 비계
390,터널,안전가시설작업,달비계
391,터널,안전가시설작업,달대비계
392,터널,안전가시설작업,추락방지망
393,터널,안전가시설작업,가설 경사로
394,터널,안전가시설작업,가설통로 또는 가설계단
395,터널,안전가시설작업,굴착선단부
396,터널,안전가시설작업,이동식 사다리
397,터널,안전가시설작업,철골 승강용트랩
398,터널,안전가시설작업,경사지붕
399,터널,안전가시설작업,리프트승강부 출입문
400,터널,안전가시설작업,낙하물 방지망
401,터널,안전가시설작업,방호선반
402,터널,가설전기작업,수배전설비
403,터널,가설전기작업,분전반
404,터널,가설전기작업,전선
405,터널,가설전기작업,충전부
406,터널,가설전기작업,조명등
407,터널,가설전기작업,교류아크 용접기
408,터널,가설전기작업,이동석전기 기계기구
409,터널,가설전기작업,접지
410,터널,양중기작업,타워크레인
411,터널,양중기작업,리프트
412,터널,양중기작업,이동식 크레인
413,터널,양중기작업,곤도라
414,터널,양중기작업,윈치
415,터널,양중기작업,특수 작업대
416,터널,위험기계기구작업,목재가공용 둥급톱
417,터널,위험기계기구작업,연삭기
418,터널,위험기계기구작업,공기 압축기
419,터널,위험기계기구작업,이동식 발전기
420,터널,위험기계기구작업,철근절단기 및 절곡기
421,터널,위험기계기구작업,그라우팅 장비
422,터널,위험기계기구작업,몰탈 믹서기
423,터널,위험기계기구작업,열풍기
424,지하철,기초파일작업,기초파일 자재·장비반입
425,지하철,기초파일작업,기초파일 천공
426,지하철,기초파일작업,기초 파일항타
427,지하철,기초파일작업,기초파일 두부정리
428,지하철,굴착작업,굴착 장비반입
429,지하철,굴착작업,굴착
430,지하철,굴착작업,굴착 토사반출
431,지하철,발파작업,발파 천공
432,지하철,발파작업,발파 장약
433,지하철,발파작업,발파
434,지하철,발파작업,발파 암처리
435,지하철,발파작업,발파 화약고 관리
436,지하철,흙막이지보공작업,흙막이지보공 자재반입
437,지하철,흙막이지보공작업,흙막이지보공 설치
438,지하철,흙막이지보공작업,흙막이지보공 해체
439,지하철,흙막이지보공작업,흙막이지보공 자재반출
440,지하철,되메움작업,토사반입 및 되메움 실시
441,지하철,되메움작업,되메움 토사 다짐
442,지하철,거푸집작업,거푸집 자재반입
443,지하철,거푸집작업,거푸집 동바리 조립
444,지하철,거푸집작업,거푸집 동바리 해체
445,지하철,거푸집작업,거푸집 동바리 인양
446,지하철,라이닝거푸집작업,라이닝 거푸집 자재반입
447,지하철,라이닝거푸집작업,라이닝거푸집 설치
448,지하철,라이닝거푸집작업,라이닝거푸집 해체
449,지하철,철근작업,철근반입
450,지하철,철근작업,철근가공 및 운반
451,지하철,철근작업,철근조립
452,지하철,콘크리트작업,콘크리트 반입
453,지하철,콘크리트작업,콘크리트타설
454,지하철,콘크리트작업,콘크리트양생
455,지하철,조적,미장 및 견출작업
456,지하철,조적,미장 및 견출작업
457,지하철,조적,미장 및 견출작업
458,지하철,방수작업,방수 면처리
459,지하철,석재 및 타일작업,석재 및 타일 자재반입
460,지하철,석재 및 타일작업,석재 및 타일 붙임
461,지하철,석재 및 타일작업,석재 및 타일 줄눈
462,지하철,도장작업,도장 면처리
463,지하철,도장작업,실내도장
464,지하철,도장작업,실외도장
465,지하철,금속 및 잡철물작업,금속 및 잡철물 자재반입
466,지하철,금속 및 잡철물작업,금속 및 잡철물 시공
467,지하철,창호 및 유리작업,창호 및 유리 자재반입
468,지하철,창호 및 유리작업,창호 및 유리 설치
469,지하철,판넬 등 외부마감작업,판넬 등 외부마감 자재반입
470,지하철,판넬 등 외부마감작업,판넬 등 외부마감 시공
471,지하철,전기설비작업,전기설비 자재반입
472,지하철,전기설비작업,전기설비 배선
473,지하철,전기설비작업,전기설비 설치
474,지하철,전기설비작업,전기 특고압선로
475,지하철,기계설비작업,기계설비 자재반입
476,지하철,기계설비작업,기계설비 설치
477,지하철,엘리베이터 설치작업,엘리베이터 기계설치
478,지하철,엘리베이터 설치작업,엘리베이터 승강구 조립
479,지하철,엘리베이터 설치작업,엘리베이터 가이드레일 설치
480,지하철,맨홀 및 관부설작업,맨홀 및 관부설 굴착
481,지하철,맨홀 및 관부설작업,맨홀 및 관부설
482,지하철,조경작업,조경부지정리
483,지하철,조경작업,조경시공 및 설치
484,지하철,부대토목작업,부대토목 옹벽시공
485,지하철,부대토목작업,부대토목 구내포장
486,지하철,지장물조사 및 이설작업,지장물 조사 굴착
487,지하철,지장물조사 및 이설작업,지장물 보호
488,지하철,지장물조사 및 이설작업,지장물 이설
489,지하철,지장물조사 및 이설작업,지장물 되메움
490,지하철,수직구작업,수직구 보강
491,지하철,수직구작업,수직구 굴착
492,지하철,수직구작업,수직구 토사반출
493,지하철,수직구작업,수직구 흙막이지보공 시공
494,지하철,터널굴착작업,터널 천공
495,지하철,터널굴착작업,터널 장약
496,지하철,터널굴착작업,터널 발파
497,지하철,터널굴착작업,터널 버럭처리
498,지하철,터널보강작업,터널 강지보
499,지하철,터널보강작업,터널 숏크리트
500,지하철,터널보강작업,터널 락볼트
501,지하철,터널보강작업,터널 특수보강
502,지하철,터널방수작업,터널 방수쉬트설치
503,지하철,터널배수작업,터널배수
504,지하철,특수터널작업,특수터널 (TBM공법)
505,지하철,특수터널작업,특수터널 (Shield 공법)
506,지하철,가설플랜트작업,가설플랜트 (콘크리트 Batch Plant)
507,지하철,가설플랜트작업,가설플랜트 (숏크리트)
508,지하철,가설플랜트작업,가설플랜트 (크라샤 Plant)
509,지하철,작업환경,작업환경 (조명)
510,지하철,작업환경,작업환경 (환기)
511,지하철,작업환경,작업환경 (분진)
512,지하철,작업환경,작업환경 (배수)
513,지하철,안전가시설작업,개구부
514,지하철,안전가시설작업,작업발판
515,지하철,안전가시설작업,비계
516,지하철,안전가시설작업,이동식 비계
517,지하철,안전가시설작업,달비계
518,지하철,안전가시설작업,달대비계
519,지하철,안전가시설작업,추락방지망
520,지하철,안전가시설작업,가설 경사로
521,지하철,안전가시설작업,가설통로 또는 가설계단
522,지하철,안전가시설작업,굴착선단부
523,지하철,안전가시설작업,이동식 사다리
524,지하철,안전가시설작업,철골 승강용트랩
525,지하철,안전가시설작업,경사지붕
526,지하철,안전가시설작업,리프트승강부 출입문
527,지하철,안전가시설작업,낙하물 방지망
528,지하철,안전가시설작업,방호선반
529,지하철,가설전기작업,수배전설비
530,지하철,가설전기작업,분전반
531,지하철,가설전기작업,전선
532,지하철,가설전기작업,충전부
533,지하철,가설전기작업,조명등
534,지하철,가설전기작업,교류아크 용접기
535,지하철,가설전기작업,이동석전기 기계기구
536,지하철,가설전기작업,접지
537,지하철,양중기작업,타워크레인
538,지하철,양중기작업,리프트
539,지하철,양중기작업,이동식 크레인
540,지하철,양중기작업,곤도라
541,지하철,양중기작업,윈치
542,지하철,양중기작업,특수 작업대
543,지하철,위험기계기구작업,목재가공용 둥급톱
544,지하철,위험기계기구작업,연삭기
545,지하철,위험기계기구작업,공기 압축기
546,지하철,위험기계기구작업,이동식 발전기
547,지하철,위험기계기구작업,철근절단기 및 절곡기
548,지하철,위험기계기구작업,그라우팅 장비
549,지하철,위험기계기구작업,몰탈 믹서기
550,지하철,위험기계기구작업,열풍기
551,댐,굴착작업,굴착 장비반입
552,댐,굴착작업,굴착
553,댐,굴착작업,굴착 토사반출
554,댐,발파작업,발파 천공
555,댐,발파작업,발파 장약
556,댐,발파작업,발파
557,댐,발파작업,발파 암처리
558,댐,발파작업,발파 화약고 관리
559,댐,되메움작업,토사반입 및 되메움 실시
560,댐,되메움작업,되메움 토사 다짐
561,댐,거푸집작업,거푸집 자재반입
562,댐,거푸집작업,거푸집 동바리 조립
563,댐,거푸집작업,거푸집 동바리 해체
564,댐,거푸집작업,거푸집 동바리 인양
565,댐,철근작업,철근반입
566,댐,철근작업,철근가공 및 운반
567,댐,철근작업,철근조립
568,댐,콘크리트작업,콘크리트 반입
569,댐,콘크리트작업,콘크리트타설
570,댐,콘크리트작업,콘크리트양생
571,댐,기계설비작업,기계설비 자재반입
572,댐,기계설비작업,기계설비 설치
573,댐,조경작업,조경부지정리
574,댐,조경작업,조경시공 및 설치
575,댐,부대토목작업,부대토목 옹벽시공
576,댐,부대토목작업,부대토목 구내포장
577,댐,가설도로작업,가설도로 벌목 및 표토제거
578,댐,가설도로작업,가설도로 시공
579,댐,가체절작업,가체절(물막이) 장비 반입
580,댐,가체절작업,가체절(물막이) 흙막이 시공
581,댐,특수댐작업,특수댐(양수발전용 댐)
582,댐,가설플랜트작업,가설플랜트 (콘크리트 Batch Plant)
583,댐,가설플랜트작업,가설플랜트 (숏크리트)
584,댐,가설플랜트작업,가설플랜트 (크라샤 Plant)
585,댐,작업환경,작업환경 (조명)
586,댐,작업환경,작업환경 (환기)
587,댐,작업환경,작업환경 (분진)
588,댐,작업환경,작업환경 (배수)
589,댐,안전가시설작업,개구부
590,댐,안전가시설작업,작업발판
591,댐,안전가시설작업,비계
592,댐,안전가시설작업,이동식 비계
593,댐,안전가시설작업,달비계
594,댐,안전가시설작업,달대비계
595,댐,안전가시설작업,추락방지망
596,댐,안전가시설작업,가설 경사로
597,댐,안전가시설작업,가설통로 또는 가설계단
598,댐,안전가시설작업,굴착선단부
599,댐,안전가시설작업,이동식 사다리
600,댐,안전가시설작업,철골 승강용트랩
601,댐,안전가시설작업,경사지붕
602,댐,안전가시설작업,리프트승강부 출입문
603,댐,안전가시설작업,낙하물 방지망
604,댐,안전가시설작업,방호선반
605,댐,가설전기작업,수배전설비
606,댐,가설전기작업,분전반
607,댐,가설전기작업,전선
608,댐,가설전기작업,충전부
609,댐,가설전기작업,조명등
610,댐,가설전기작업,교류아크 용접기
611,댐,가설전기작업,이동석전기 기계기구
612,댐,가설전기작업,접지
613,댐,양중기작업,타워크레인
614,댐,양중기작업,리프트
615,댐,양중기작업,이동식 크레인
616,댐,양중기작업,곤도라
617,댐,양중기작업,윈치
618,댐,양중기작업,특수 작업대
619,댐,위험기계기구작업,목재가공용 둥급톱
620,댐,위험기계기구작업,연삭기
621,댐,위험기계기구작업,공기 압축기
622,댐,위험기계기구작업,이동식 발전기
623,댐,위험기계기구작업,철근절단기 및 절곡기
624,댐,위험기계기구작업,그라우팅 장비
625,댐,위험기계기구작업,몰탈 믹서기
626,댐,위험기계기구작업,열풍기
